,Zanahoria mediana,Arroz largo,Tomate verde,Pepino,Papa alpha,Jitomate Saladette,Chayote sin espina,Cebolla bola,Chile serrano,Chile poblano,Calabacita Italiana,Sandía,Plátano,Papaya maradol,Manzana Starking,Manzana Golden,Guayaba,Aguacate Hass,Bistec Diezmillo de Res,Carne Molida Sirloin 90-10,Huevo Blanco,Frijol Negro,Frijol Flor de Mayo,Harina de Trigo,Azúcar Estándar,Naranja mediana,Piña,Limón con semilla,Lechuga romana,Aceite Mixto,timestamp
0,16.9,35.0,30.0,21.9,29.9,35.0,44.9,20.0,60.0,40.0,35.9,20.0,25.0,30.0,50.0,69.9,49.9,80.0,189.9,198.9,37.0,245.85,60.0,20.0,30.0,34.9,50.0,50.0,20.0,42.0,2022-01-01
1,16.9,35.0,30.0,21.9,29.9,35.0,44.9,20.0,60.0,40.0,35.9,20.0,25.0,30.0,50.0,69.9,49.9,80.0,189.9,198.9,37.0,245.85,60.0,20.0,30.0,34.9,50.0,50.0,20.0,42.0,2022-01-02
2,17.9,50.0,59.0,24.9,28.0,52.0,25.0,45.0,80.0,54.0,29.9,20.0,22.7,38.9,59.9,65.0,49.9,80.0,204.0,197.0,42.0,48.0,50.0,18.0,40.0,25.9,35.0,42.9,26.9,40.0,2022-01-03
3,17.9,50.0,59.0,24.9,28.0,52.0,25.0,45.0,80.0,54.0,29.9,20.0,22.7,38.9,59.9,65.0,49.9,75.0,204.0,197.0,42.0,48.0,50.0,18.0,40.0,25.9,35.0,42.9,26.9,40.0,2022-01-04
4,17.9,35.0,59.0,24.9,26.9,52.0,25.0,45.0,80.0,54.0,29.9,20.0,25.0,38.9,59.9,65.0,49.9,75.0,204.0,197.0,42.0,55.0,60.0,20.0,40.0,25.9,50.0,50.0,26.9,42.0,2022-01-05
5,17.9,35.0,59.0,24.9,26.9,52.0,25.0,45.0,80.0,54.0,29.9,20.0,25.0,38.9,59.9,65.0,49.9,75.0,204.0,197.0,42.0,55.0,60.0,20.0,40.0,25.9,50.0,50.0,26.9,42.0,2022-01-06
6,17.9,35.0,59.0,24.9,26.9,52.0,25.0,45.0,80.0,54.0,29.9,20.0,25.0,38.9,59.9,65.0,49.9,75.0,204.0,197.0,42.0,55.0,60.0,20.0,40.0,25.9,50.0,50.0,26.9,42.0,2022-01-07
7,17.9,35.0,59.0,24.9,26.9,52.0,25.0,36.9,80.0,54.0,29.9,20.0,25.0,38.9,59.9,65.0,49.9,70.0,204.0,197.0,42.0,55.0,60.0,20.0,30.0,25.9,50.0,50.0,26.9,42.0,2022-01-08
8,17.9,35.0,59.0,24.9,26.9,52.0,25.0,36.9,80.0,54.0,29.9,20.0,25.0,38.9,59.9,65.0,49.9,70.0,204.0,197.0,42.0,55.0,60.0,20.0,30.0,25.9,50.0,50.0,26.9,42.0,2022-01-09
9,17.9,35.0,59.0,24.9,26.9,52.0,25.0,45.0,80.0,54.0,29.9,20.0,25.0,38.9,59.9,65.0,49.9,75.0,204.0,197.0,42.0,55.0,60.0,20.0,40.0,25.9,50.0,50.0,26.9,42.0,2022-01-10
10,17.9,36.0,59.0,24.9,28.0,52.0,25.0,45.0,80.0,54.0,29.9,20.0,30.0,38.9,59.9,65.0,49.9,80.0,204.0,197.0,42.0,50.0,65.0,20.0,40.0,25.9,50.0,80.0,26.9,45.0,2022-01-11
11,17.9,28.0,59.0,24.9,30.0,52.0,25.0,45.0,80.0,54.0,29.9,15.9,25.0,38.9,59.9,65.0,49.9,80.0,204.0,197.0,42.0,50.0,41.0,18.0,40.0,25.9,40.0,90.0,26.9,40.0,2022-01-12
12,17.9,35.0,59.0,24.9,26.9,52.0,25.0,45.0,80.0,54.0,29.9,20.0,25.0,38.9,59.9,65.0,49.9,75.0,204.0,197.0,42.0,55.0,60.0,20.0,40.0,25.9,50.0,60.0,26.9,42.0,2022-01-13
13,17.9,35.0,59.0,24.9,26.9,52.0,25.0,45.0,80.0,54.0,29.9,20.0,25.0,38.9,59.9,65.0,49.9,75.0,204.0,197.0,42.0,55.0,60.0,20.0,40.0,25.9,50.0,62.9,26.9,40.0,2022-01-14
14,17.9,35.0,59.0,24.9,26.9,52.0,25.0,36.9,80.0,54.0,29.9,20.0,25.0,38.9,59.9,65.0,49.9,70.0,204.0,197.0,42.0,55.0,60.0,20.0,30.0,25.9,50.0,62.9,26.9,48.0,2022-01-15
15,17.9,35.0,59.0,24.9,26.9,52.0,25.0,36.9,80.0,54.0,29.9,20.0,25.0,38.9,59.9,65.0,49.9,70.0,204.0,197.0,42.0,55.0,60.0,20.0,30.0,25.9,50.0,62.9,26.9,48.0,2022-01-16
16,17.9,36.0,59.0,24.9,26.9,52.0,25.0,45.0,80.0,54.0,29.9,20.0,30.0,38.9,59.9,65.0,49.9,80.0,204.0,197.0,42.0,55.0,65.0,20.0,40.0,25.9,40.0,70.0,26.9,48.0,2022-01-17
17,17.9,36.0,59.0,24.9,26.9,52.0,25.0,45.0,80.0,54.0,29.9,20.0,35.0,38.9,59.9,65.0,49.9,80.0,204.0,197.0,42.0,55.0,60.0,20.0,40.0,25.9,50.0,70.0,26.9,48.0,2022-01-18
18,17.9,36.0,59.0,24.9,26.9,52.0,25.0,45.0,80.0,54.0,29.9,20.0,35.0,38.9,59.9,65.0,49.9,80.0,204.0,197.0,42.0,55.0,60.0,20.0,40.0,25.9,50.0,70.0,26.9,48.0,2022-01-19
19,17.9,36.0,59.0,24.9,26.9,52.0,25.0,45.0,80.0,54.0,29.9,20.0,35.0,38.9,59.9,65.0,49.9,80.0,204.0,197.0,42.0,55.0,60.0,20.0,40.0,25.9,50.0,70.0,26.9,48.0,2022-01-20
20,17.9,38.0,59.0,24.9,26.9,52.0,26.0,45.0,80.0,54.0,29.9,20.0,22.7,38.9,60.0,65.0,49.9,80.0,204.0,197.0,42.0,42.0,45.0,19.0,40.0,25.9,40.0,90.0,26.9,44.0,2022-01-21
21,17.9,38.0,59.0,24.9,26.9,52.0,26.0,36.9,80.0,54.0,29.9,20.0,22.7,38.9,60.0,65.0,49.9,80.0,204.0,197.0,42.0,42.0,45.0,19.0,27.75,25.9,40.0,90.0,26.9,38.0,2022-01-22
22,17.9,38.0,59.0,24.9,26.9,52.0,26.0,36.9,80.0,54.0,29.9,20.0,22.7,38.9,60.0,65.0,49.9,80.0,204.0,197.0,42.0,42.0,45.0,19.0,27.75,25.9,40.0,90.0,26.9,38.0,2022-01-23
23,17.9,38.0,59.0,24.9,26.9,52.0,25.0,45.0,80.0,54.0,29.9,20.0,30.0,38.9,59.9,65.0,49.9,80.0,204.0,197.0,42.0,50.0,60.0,20.0,40.0,25.9,50.0,70.0,26.9,48.0,2022-01-24
24,17.9,36.0,59.0,24.9,28.0,52.0,25.0,45.0,80.0,54.0,29.9,20.0,30.0,38.9,59.9,65.0,49.9,80.0,204.0,197.0,42.0,50.0,65.0,20.0,40.0,25.9,50.0,80.0,26.9,45.0,2022-01-25
25,17.9,36.0,59.0,24.9,28.0,52.0,25.0,45.0,80.0,54.0,29.9,20.0,30.0,38.9,59.9,65.0,49.9,80.0,204.0,197.0,42.0,50.0,65.0,18.0,40.0,25.9,50.0,80.0,26.9,40.0,2022-01-26
26,17.9,36.0,59.0,24.9,28.0,52.0,25.0,45.0,80.0,54.0,29.9,20.0,30.0,38.9,59.9,65.0,49.9,80.0,204.0,197.0,42.0,50.0,65.0,18.0,40.0,25.9,50.0,80.0,26.9,48.0,2022-01-27
27,17.9,36.0,59.0,24.9,28.0,52.0,25.0,45.0,80.0,54.0,29.9,20.0,30.0,38.9,59.9,65.0,49.9,80.0,204.0,197.0,42.0,50.0,65.0,18.0,40.0,25.9,50.0,80.0,26.9,40.0,2022-01-28
28,17.9,36.0,59.0,24.9,28.0,52.0,25.0,36.9,80.0,54.0,29.9,20.0,30.0,38.9,59.9,65.0,49.9,80.0,204.0,197.0,42.0,50.0,65.0,20.0,27.75,25.9,50.0,80.0,26.9,48.0,2022-01-29
29,17.9,36.0,59.0,24.9,28.0,52.0,25.0,36.9,80.0,54.0,29.9,20.0,30.0,38.9,59.9,65.0,49.9,80.0,204.0,200.0,42.0,50.0,65.0,20.0,27.75,25.9,50.0,80.0,26.9,48.0,2022-01-30
30,17.9,35.0,59.0,24.9,26.9,52.0,25.0,60.0,80.0,54.0,29.9,15.9,40.0,38.9,59.9,65.0,49.9,80.0,204.0,197.0,42.0,50.0,60.0,20.0,40.0,30.0,35.0,70.0,26.9,48.0,2022-01-31
31,17.9,36.0,59.0,24.9,28.0,52.0,25.0,45.0,80.0,54.0,29.9,20.0,30.0,38.9,59.9,65.0,49.9,80.0,204.0,197.0,42.0,50.0,65.0,18.0,40.0,25.9,50.0,80.0,26.9,48.0,2022-02-01
32,17.9,30.0,59.0,24.9,28.0,52.0,25.0,45.0,80.0,54.0,29.9,20.0,30.0,38.9,59.9,65.0,49.9,90.0,204.0,197.0,42.0,50.0,45.0,18.0,40.0,25.9,50.0,80.0,26.9,40.0,2022-02-02
33,17.9,30.0,59.0,24.9,28.0,52.0,25.0,45.0,80.0,54.0,29.9,20.0,30.0,38.9,59.9,65.0,49.9,90.0,204.0,200.0,42.0,50.0,60.0,20.0,40.0,25.9,50.0,80.0,26.9,48.0,2022-02-03
34,17.9,30.0,59.0,24.9,28.0,52.0,25.0,45.0,80.0,54.0,29.9,20.0,30.0,38.9,59.9,65.0,49.9,90.0,204.0,197.0,42.0,50.0,60.0,20.0,40.0,25.9,50.0,70.0,26.9,40.0,2022-02-04
35,17.9,30.0,59.0,24.9,28.0,52.0,24.9,36.9,80.0,54.0,29.9,20.0,30.0,38.9,59.9,65.0,49.9,80.0,204.0,200.0,42.0,50.0,60.0,20.0,27.75,25.9,50.0,70.0,26.9,48.0,2022-02-05
36,17.9,30.0,59.0,24.9,28.0,52.0,24.9,36.9,80.0,54.0,29.9,20.0,30.0,38.9,59.9,65.0,49.9,80.0,204.0,200.0,42.0,50.0,60.0,20.0,27.75,25.9,50.0,70.0,26.9,48.0,2022-02-06
37,17.9,38.0,59.0,24.9,26.9,52.0,25.0,45.0,80.0,54.0,29.9,30.0,50.0,38.9,59.9,65.0,49.9,80.0,204.0,197.0,42.0,50.0,60.0,20.0,40.0,25.9,32.0,80.0,26.9,48.0,2022-02-07
38,17.9,38.0,59.0,24.9,28.0,52.0,25.0,45.0,80.0,54.0,29.9,20.0,30.0,38.9,59.9,65.0,49.9,80.0,204.0,197.0,42.0,50.0,60.0,20.0,40.0,25.9,50.0,70.0,26.9,48.0,2022-02-08
39,17.9,38.0,59.0,24.9,28.0,52.0,25.0,45.0,80.0,54.0,29.9,20.0,30.0,38.9,59.9,65.0,49.9,80.0,204.0,197.0,42.0,50.0,60.0,18.0,40.0,25.9,50.0,70.0,26.9,40.0,2022-02-09
40,17.9,38.0,59.0,24.9,28.0,52.0,25.0,45.0,80.0,54.0,29.9,20.0,30.0,38.9,59.9,65.0,49.9,75.0,204.0,200.0,42.0,40.0,45.0,20.0,40.0,25.9,50.0,62.9,26.9,43.0,2022-02-10
41,17.9,38.0,59.0,24.9,28.0,52.0,25.0,45.0,80.0,54.0,29.9,20.0,30.0,38.9,59.9,65.0,49.9,75.0,204.0,197.0,42.0,40.0,45.0,18.0,40.0,25.9,50.0,62.9,26.9,40.0,2022-02-11
42,17.9,38.0,59.0,24.9,28.0,52.0,24.9,36.9,80.0,54.0,29.9,20.0,30.0,38.9,59.9,65.0,49.9,70.0,204.0,200.0,42.0,40.0,45.0,20.0,27.75,25.9,50.0,62.9,26.9,43.0,2022-02-12
43,17.9,38.0,59.0,24.9,28.0,52.0,24.9,36.9,80.0,54.0,29.9,20.0,30.0,38.9,59.9,65.0,49.9,70.0,204.0,200.0,42.0,40.0,45.0,20.0,27.75,25.9,50.0,62.9,26.9,48.0,2022-02-13
44,17.9,26.0,59.0,24.9,26.9,52.0,25.0,45.0,80.0,60.0,29.9,20.0,30.0,38.9,59.9,65.0,49.9,100.0,204.0,197.0,42.0,40.0,41.0,18.0,40.0,25.9,50.0,80.0,26.9,48.0,2022-02-14
45,17.9,30.0,59.0,24.9,28.0,52.0,25.0,45.0,80.0,54.0,29.9,20.0,30.0,38.9,59.9,65.0,49.9,80.0,204.0,197.0,42.0,50.0,60.0,20.0,40.0,25.9,50.0,80.0,26.9,48.0,2022-02-15
46,17.9,30.0,59.0,24.9,28.0,52.0,25.0,45.0,80.0,54.0,29.9,20.0,30.0,38.9,59.9,65.0,49.9,80.0,204.0,197.0,42.0,45.0,45.0,18.0,40.0,25.9,50.0,80.0,26.9,40.0,2022-02-16
47,17.9,30.0,59.0,24.9,28.0,52.0,25.0,45.0,80.0,54.0,29.9,20.0,30.0,38.9,59.9,65.0,49.9,80.0,204.0,200.0,42.0,45.0,45.0,20.0,40.0,25.9,50.0,80.0,26.9,48.0,2022-02-17
48,17.9,30.0,59.0,24.9,28.0,52.0,25.0,45.0,80.0,54.0,29.9,20.0,30.0,38.9,59.9,65.0,49.9,80.0,204.0,197.0,42.0,40.0,45.0,20.0,40.0,25.9,50.0,80.0,26.9,40.0,2022-02-18
49,17.9,30.0,59.0,24.9,28.0,52.0,24.9,36.9,80.0,54.0,29.9,20.0,30.0,38.9,59.9,65.0,49.9,80.0,204.0,197.0,42.0,40.0,45.0,20.0,27.75,25.9,50.0,80.0,26.9,37.0,2022-02-19
50,17.9,30.0,59.0,24.9,28.0,52.0,24.9,36.9,80.0,54.0,29.9,20.0,30.0,38.9,59.9,65.0,49.9,80.0,204.0,200.0,42.0,40.0,45.0,20.0,27.75,25.9,50.0,80.0,26.9,37.0,2022-02-20
51,17.9,36.0,59.0,24.9,26.9,52.0,25.0,45.0,80.0,54.0,29.9,20.0,30.0,38.9,59.9,65.0,49.9,80.0,204.0,200.0,42.0,50.0,60.0,20.0,40.0,25.9,35.0,80.0,26.9,48.0,2022-02-21
52,17.9,30.0,59.0,24.9,28.0,52.0,25.0,45.0,80.0,54.0,29.9,20.0,30.0,38.9,59.9,65.0,49.9,90.0,204.0,200.0,42.0,40.0,45.0,20.0,40.0,25.9,50.0,80.0,26.9,40.0,2022-02-22
53,17.9,30.0,59.0,24.9,28.0,52.0,25.0,45.0,80.0,54.0,29.9,20.0,30.0,38.9,59.9,65.0,49.9,90.0,204.0,200.0,42.0,40.0,45.0,20.0,40.0,25.9,50.0,80.0,26.9,40.0,2022-02-23
54,17.9,30.0,59.0,24.9,28.0,52.0,25.0,45.0,80.0,54.0,29.9,20.0,30.0,38.9,59.9,65.0,49.9,90.0,204.0,200.0,42.0,40.0,45.0,20.0,40.0,25.9,50.0,80.0,26.9,40.0,2022-02-24
55,17.9,30.0,59.0,24.9,28.0,52.0,25.0,45.0,80.0,54.0,29.9,20.0,30.0,38.9,59.9,65.0,49.9,90.0,204.0,200.0,42.0,40.0,45.0,20.0,40.0,25.9,50.0,80.0,26.9,40.0,2022-02-25
56,17.9,30.0,59.0,24.9,28.0,52.0,24.9,36.9,80.0,54.0,29.9,20.0,30.0,38.9,59.9,65.0,49.9,90.0,204.0,200.0,42.0,40.0,45.0,20.0,27.75,25.9,50.0,80.0,26.9,37.0,2022-02-26
57,17.9,36.0,59.0,24.9,28.0,52.0,24.9,36.9,80.0,54.0,29.9,20.0,30.0,38.9,59.9,65.0,49.9,90.0,204.0,200.0,42.0,40.0,60.0,20.0,27.75,25.9,50.0,80.0,26.9,50.0,2022-02-27
58,16.0,36.0,36.9,41.7,34.9,30.0,37.9,41.9,60.0,59.0,47.0,20.0,30.0,34.9,50.0,65.0,49.9,84.0,206.5,222.7,38.0,50.0,60.0,20.0,38.0,16.9,50.0,89.9,20.0,48.0,2022-02-28
59,16.0,36.0,36.9,41.7,34.9,30.0,37.9,41.9,60.0,59.0,47.0,25.0,30.0,34.9,50.0,65.0,49.9,85.0,206.5,222.7,38.0,50.0,60.0,20.0,38.0,18.0,50.0,89.9,65.0,48.0,2022-03-01
60,16.0,36.0,36.9,41.7,34.9,30.0,37.9,41.9,60.0,59.0,47.0,20.0,30.0,34.9,50.0,65.0,49.9,85.0,206.5,222.7,38.0,50.0,60.0,22.0,38.0,16.9,50.0,89.9,20.0,48.0,2022-03-02
61,16.0,30.0,36.9,41.7,34.9,30.0,37.9,41.9,60.0,59.0,47.0,20.0,30.0,34.9,50.0,65.0,49.9,90.0,206.5,222.7,40.0,40.0,45.0,23.0,36.0,16.9,40.0,89.9,20.0,47.0,2022-03-03
62,16.0,38.0,36.9,41.7,34.9,30.0,37.9,41.9,60.0,60.0,47.0,20.0,30.0,34.9,50.0,65.0,49.9,85.0,206.5,222.7,40.0,50.0,60.0,22.0,36.0,16.9,50.0,89.9,20.0,48.0,2022-03-04
63,15.0,36.0,36.9,41.7,34.9,30.0,37.9,41.9,60.0,60.0,47.0,20.0,30.0,32.9,56.9,59.9,49.9,94.9,206.5,222.7,38.0,50.0,60.0,22.0,36.0,22.9,50.0,86.9,20.0,48.0,2022-03-05
64,20.0,36.0,26.9,25.9,34.9,30.0,33.9,45.9,60.0,61.0,47.0,25.0,30.0,32.9,56.9,59.9,49.9,94.9,206.5,222.7,40.0,50.0,60.0,23.0,36.0,22.9,50.0,89.9,20.0,48.0,2022-03-06
65,15.9,30.0,30.0,22.9,34.9,40.0,39.9,45.9,60.0,61.0,32.9,20.0,28.9,32.9,56.9,59.9,49.9,94.9,206.5,210.0,52.0,40.0,45.0,22.0,40.0,22.9,50.0,89.0,15.0,47.0,2022-03-07
66,15.9,36.0,30.0,22.9,34.9,30.0,39.9,45.9,80.0,61.0,32.9,20.0,30.0,32.9,56.9,60.0,49.9,94.9,206.5,210.0,40.0,50.0,60.0,22.0,40.0,22.9,40.0,89.0,20.0,49.0,2022-03-08
67,15.9,36.0,29.9,22.9,34.9,30.0,39.9,45.9,80.0,61.0,32.9,20.0,30.0,32.9,56.9,59.9,49.9,94.9,206.5,210.0,40.0,50.0,60.0,21.0,40.0,22.9,40.0,89.0,20.0,49.0,2022-03-09
68,15.9,30.0,30.0,22.9,34.9,30.0,39.9,45.9,80.0,61.0,32.9,20.0,30.0,29.9,45.0,55.0,49.9,94.9,206.5,222.7,41.67,40.0,45.0,18.0,40.0,19.9,40.0,89.9,20.0,45.0,2022-03-10
69,16.0,36.0,30.0,25.7,27.9,30.0,39.9,45.0,60.0,61.0,32.9,20.0,30.0,32.5,50.0,55.0,49.9,94.9,206.5,222.7,41.67,50.0,60.0,22.0,40.0,19.9,50.0,86.0,20.0,48.0,2022-03-11
70,15.9,50.0,30.0,26.5,34.9,40.0,39.9,45.0,50.0,61.0,32.9,25.0,28.9,32.9,50.0,65.0,49.9,94.9,206.5,242.0,42.0,50.0,60.0,22.0,42.0,50.0,50.0,85.0,21.9,48.0,2022-03-12
71,15.9,34.0,29.9,26.5,34.9,30.0,39.9,45.0,60.0,61.0,28.0,20.0,28.9,32.9,50.0,60.0,49.9,94.9,206.5,242.0,42.0,50.0,60.0,22.0,42.0,50.0,50.0,85.0,21.9,48.0,2022-03-13
72,16.0,36.0,29.9,26.5,34.9,30.0,39.9,45.0,45.0,61.0,27.5,20.0,30.0,31.5,56.9,59.9,38.9,99.0,204.0,222.7,42.5,50.0,60.0,22.0,40.0,50.0,40.0,85.0,21.9,52.0,2022-03-14
73,15.0,30.0,29.9,24.9,25.0,30.0,26.9,44.9,45.0,64.9,26.9,20.0,24.9,29.9,50.0,59.9,40.0,99.0,206.5,222.7,42.5,40.0,45.0,21.0,40.0,22.9,40.0,85.0,20.0,45.0,2022-03-15
74,15.9,30.0,32.0,29.5,26.9,30.0,39.9,42.9,60.0,64.9,39.9,20.0,30.0,32.9,54.9,59.9,49.9,99.0,206.5,201.7,50.0,45.0,45.0,22.0,40.0,24.9,40.0,85.0,21.9,45.0,2022-03-16
75,15.9,34.0,30.0,26.9,26.9,30.0,39.9,42.9,45.0,64.9,39.9,16.5,30.0,32.9,54.9,59.9,49.9,99.0,206.5,201.7,52.0,50.0,60.0,22.0,40.0,22.9,30.0,85.0,21.9,52.0,2022-03-17
76,15.9,36.0,35.0,29.5,26.0,35.0,39.9,42.9,60.0,61.0,34.9,20.0,30.0,35.9,60.0,59.9,49.9,99.5,204.6,222.7,42.0,50.0,60.0,21.0,40.0,22.9,40.0,80.0,20.0,52.0,2022-03-18
77,15.9,36.0,30.0,31.9,27.5,30.0,39.9,45.1,68.9,56.9,34.9,25.0,30.0,35.9,60.0,55.0,49.9,99.5,206.5,222.7,44.0,50.0,60.0,23.0,40.0,17.8,45.0,80.0,21.0,52.0,2022-03-19
78,15.9,36.0,30.0,24.5,25.0,40.0,39.9,45.1,59.9,49.9,34.9,20.0,28.9,35.9,56.5,59.9,49.9,99.9,206.5,222.2,44.0,50.0,60.0,22.0,40.0,24.9,40.0,85.0,20.0,48.0,2022-03-20
79,15.9,40.0,29.9,31.9,27.5,30.0,39.9,45.1,68.9,61.0,36.9,20.0,28.9,35.9,56.5,59.9,49.9,99.9,206.5,222.2,44.0,40.0,45.0,21.0,40.0,24.9,30.0,85.0,21.0,45.0,2022-03-21
80,15.9,40.0,29.9,31.9,26.9,28.0,39.9,42.9,68.9,61.0,36.9,20.0,30.0,34.9,55.0,59.9,49.9,99.5,206.5,200.0,44.0,50.0,60.0,22.0,40.0,22.9,40.0,89.9,21.0,52.0,2022-03-22
81,15.0,38.0,29.9,31.9,26.9,29.9,39.9,39.9,80.0,60.0,34.9,20.0,30.0,34.9,50.0,59.9,49.9,99.5,206.5,198.0,42.5,50.0,60.0,24.0,40.0,19.9,50.0,80.0,21.0,52.0,2022-03-23
82,15.0,35.0,29.9,31.9,23.9,40.0,39.9,38.9,80.0,60.0,38.9,25.0,30.0,36.5,59.9,55.0,49.9,120.0,206.5,192.0,42.5,50.0,50.0,21.0,40.0,19.9,35.0,74.9,20.0,45.0,2022-03-24
83,16.0,38.0,29.9,31.9,23.9,30.0,39.9,41.5,80.0,56.0,38.9,20.0,30.0,36.5,50.0,55.0,49.9,100.0,220.0,222.7,42.5,50.0,60.0,22.0,40.0,22.9,50.0,75.0,20.0,52.0,2022-03-25
84,15.0,50.0,30.0,31.9,23.9,40.0,39.9,41.5,60.0,56.0,38.9,25.0,25.9,34.9,50.0,55.0,49.9,100.0,220.0,220.0,40.0,50.0,60.0,22.0,40.0,19.9,40.0,74.9,19.9,52.0,2022-03-26
85,16.0,36.0,30.0,31.9,23.9,40.0,39.9,39.5,80.0,60.0,38.9,20.0,30.0,34.9,50.0,55.0,49.9,100.0,220.0,220.0,40.0,50.0,60.0,22.0,40.0,19.9,50.0,74.9,20.0,52.0,2022-03-27
86,16.0,38.0,29.9,32.9,32.9,30.0,39.9,39.5,80.0,56.0,34.9,20.0,30.0,36.5,50.0,55.0,49.9,99.9,206.5,198.0,40.0,50.0,60.0,23.0,40.0,22.9,40.0,75.0,18.5,52.0,2022-03-28
87,15.0,30.0,29.9,29.9,32.9,40.0,39.9,39.9,80.0,80.0,32.9,20.0,20.5,34.9,50.0,55.0,49.9,120.0,206.5,189.0,40.0,50.0,50.0,21.0,40.0,22.9,30.0,75.0,20.0,45.0,2022-03-29
88,16.0,26.0,29.9,29.9,32.9,40.0,39.9,39.9,80.0,60.0,32.9,20.0,30.0,35.9,50.0,55.0,39.9,99.9,206.5,199.8,40.0,35.0,40.0,21.0,40.0,24.9,30.0,75.0,18.0,45.0,2022-03-30
89,14.9,36.0,32.5,32.9,23.9,30.0,39.9,39.9,80.0,60.0,34.9,20.0,31.9,35.9,50.0,55.0,39.9,100.0,206.5,200.0,40.0,50.0,55.0,22.0,40.0,24.9,40.0,75.0,18.5,52.0,2022-03-31
90,14.9,36.0,32.5,32.9,23.9,30.0,39.9,39.9,80.0,60.0,34.9,20.0,31.9,36.5,50.0,55.0,39.9,100.0,206.5,222.7,40.0,50.0,60.0,22.0,40.0,24.9,50.0,75.0,18.5,52.0,2022-04-01
91,16.0,36.0,29.9,32.9,26.9,25.0,39.9,38.9,80.0,49.9,34.9,25.0,30.0,34.9,50.0,56.9,49.9,100.0,209.0,222.7,40.0,50.0,60.0,23.0,40.0,31.9,50.0,80.0,20.0,49.0,2022-04-02
92,15.0,36.0,29.9,29.9,26.9,30.0,39.9,38.9,80.0,49.9,34.9,20.0,24.9,34.9,70.0,54.9,49.9,106.0,209.0,200.0,40.0,50.0,60.0,22.0,40.0,24.5,40.0,68.9,20.0,52.0,2022-04-03
93,15.0,50.0,29.5,32.9,26.9,40.0,39.9,38.9,60.0,49.9,39.5,25.0,24.9,34.9,50.0,60.0,49.9,106.0,209.0,184.0,40.0,40.0,45.0,23.0,40.0,24.5,40.0,68.9,20.0,45.0,2022-04-04
94,16.0,38.0,29.9,32.9,26.9,40.0,39.9,39.9,60.0,49.9,34.9,20.0,30.0,34.9,50.0,54.9,49.9,115.0,209.0,200.0,40.0,50.0,60.0,22.0,40.0,22.9,50.0,74.9,20.0,55.0,2022-04-05
95,16.0,38.0,29.9,29.9,26.9,25.5,39.9,38.9,80.0,49.9,34.9,20.0,30.0,34.9,50.0,54.9,49.9,115.0,206.5,200.0,39.0,50.0,60.0,22.0,40.0,22.9,50.0,74.9,15.9,55.0,2022-04-06
96,16.0,35.0,29.9,32.9,29.9,30.0,39.9,38.9,80.0,59.9,175.0,20.0,30.0,34.9,50.0,55.0,49.9,130.0,204.6,222.7,40.0,50.0,50.0,20.0,40.0,22.9,32.0,62.9,20.0,45.0,2022-04-07
97,15.0,38.0,29.5,29.9,29.9,30.0,39.9,38.9,69.9,58.9,34.9,20.0,22.9,34.9,60.0,55.0,49.9,110.0,220.0,222.7,40.0,50.0,60.0,22.0,40.0,22.9,40.0,55.0,20.0,52.0,2022-04-08
98,15.0,38.0,29.5,32.9,29.9,30.0,39.9,38.9,69.9,59.9,34.9,25.0,25.9,34.9,60.0,55.0,49.9,120.0,206.5,211.0,40.0,50.0,60.0,25.0,40.0,21.9,40.0,64.9,20.0,55.0,2022-04-09
99,18.0,38.0,29.5,32.9,28.5,30.0,39.9,39.5,69.9,60.0,34.9,20.0,25.0,34.9,60.0,55.0,49.9,120.0,206.5,211.0,40.0,50.0,60.0,25.0,40.0,21.9,40.0,64.9,20.0,55.0,2022-04-10
100,16.0,36.0,29.5,32.9,28.5,29.9,39.9,39.5,69.9,59.9,34.9,20.0,24.9,34.9,50.0,54.0,49.9,130.0,206.5,197.0,41.5,50.0,55.0,21.0,40.0,20.0,40.0,54.9,16.9,52.0,2022-04-11
101,15.0,30.0,29.5,29.9,32.9,32.9,39.9,39.9,52.9,60.0,36.9,20.0,25.9,34.9,50.0,54.0,49.9,130.0,206.5,179.9,41.5,50.0,50.0,25.0,40.0,24.9,50.0,55.0,20.0,50.0,2022-04-12
102,15.0,38.0,29.5,29.9,32.9,39.9,39.9,39.9,54.0,59.0,36.9,20.0,24.9,34.9,60.0,54.9,49.9,120.0,206.5,222.7,41.5,65.0,50.0,25.0,40.0,21.9,50.0,54.9,20.0,52.0,2022-04-13
103,15.0,38.0,29.9,29.9,29.9,39.9,39.9,34.9,60.0,60.0,34.9,20.0,25.0,34.9,55.0,55.0,49.9,120.0,206.5,200.0,41.5,50.0,60.0,25.0,40.0,21.9,50.0,50.0,20.0,55.0,2022-04-14
104,15.0,38.0,29.9,29.9,32.9,39.9,39.9,32.2,54.0,60.0,175.0,24.0,24.9,34.9,50.0,55.0,49.9,120.0,206.5,200.0,41.5,50.0,60.0,25.0,40.0,26.9,40.0,50.0,19.5,52.0,2022-04-15
105,25.0,38.0,29.9,29.9,29.5,40.0,39.9,32.9,80.0,59.0,34.9,15.5,22.9,34.9,50.0,60.0,49.9,120.0,206.5,184.0,50.0,50.0,60.0,25.0,40.0,26.9,50.0,59.9,20.0,52.0,2022-04-16
106,16.0,30.0,34.9,29.9,32.9,39.9,39.9,32.9,60.0,59.0,34.9,20.0,24.9,34.9,50.0,60.0,49.9,140.0,206.5,184.0,41.5,40.0,45.0,25.0,40.0,24.9,30.0,59.9,20.0,50.0,2022-04-17
107,15.0,30.0,29.9,29.9,29.9,34.9,39.9,30.0,60.0,59.0,34.9,20.0,23.9,34.9,51.5,59.9,49.9,120.0,206.5,211.6,41.5,40.0,45.0,25.0,40.0,23.9,40.0,59.9,18.0,50.0,2022-04-18
108,14.0,38.0,29.9,29.9,29.9,34.9,39.9,30.0,60.0,59.0,34.9,20.0,23.9,34.9,50.0,54.9,49.9,120.0,206.5,211.6,41.5,50.0,60.0,25.0,40.0,22.9,40.0,50.0,18.0,52.0,2022-04-19
109,15.0,26.0,29.9,29.9,32.9,33.9,34.9,29.5,60.0,59.9,34.9,20.0,25.0,34.9,50.0,52.9,49.9,120.0,206.5,222.7,42.0,48.0,50.0,25.0,40.0,22.9,40.0,40.0,15.0,50.0,2022-04-20
110,15.0,30.0,29.9,27.9,30.0,32.9,34.9,28.9,52.0,59.9,34.9,16.0,22.0,34.9,60.0,50.0,49.9,124.0,206.5,222.7,42.0,50.0,50.0,25.0,40.0,24.9,40.0,40.0,20.0,52.0,2022-04-21
111,15.0,35.0,29.9,27.9,32.9,29.9,35.0,29.5,60.0,59.9,29.9,20.0,22.9,32.9,50.0,54.9,49.9,120.0,206.5,200.0,41.5,50.0,60.0,25.0,40.0,24.9,40.0,49.9,17.9,52.0,2022-04-22
112,15.0,38.0,29.5,27.9,32.4,29.9,35.0,28.9,60.0,59.9,29.9,20.0,22.9,32.9,50.0,54.9,49.9,130.0,206.5,184.0,41.5,46.0,40.0,25.0,40.0,24.5,40.0,49.9,18.0,50.0,2022-04-23
113,15.0,38.0,29.5,27.9,32.4,29.9,35.0,28.9,54.9,60.0,29.9,20.0,25.0,32.9,50.0,55.0,49.9,120.0,206.5,200.0,41.5,46.0,40.0,25.0,40.0,24.5,40.0,39.9,18.0,52.0,2022-04-24
114,14.0,36.0,29.5,24.9,38.9,45.9,39.9,28.5,60.0,60.0,29.9,20.0,22.9,32.9,50.0,55.0,49.9,120.0,200.0,200.0,41.5,50.0,46.0,25.0,40.0,25.9,40.0,39.9,17.0,52.0,2022-04-25
115,14.0,36.0,29.5,24.9,38.9,45.9,39.9,25.9,60.0,60.0,30.0,20.0,22.9,32.9,50.0,55.0,49.9,120.0,204.0,189.0,42.0,45.0,50.0,25.0,40.0,25.9,40.0,39.5,17.0,50.0,2022-04-26
116,15.0,36.0,29.5,24.9,30.0,36.9,39.9,24.9,52.0,60.0,29.9,16.0,22.9,32.9,49.9,55.0,49.9,120.0,189.0,222.7,42.0,45.0,50.0,25.0,40.0,25.9,40.0,44.9,20.0,50.0,2022-04-27
117,15.0,26.0,29.9,24.9,38.9,39.9,39.9,26.9,52.0,59.9,29.9,26.0,22.9,29.9,50.0,55.0,49.9,120.0,200.0,222.7,41.5,40.0,38.0,27.0,40.0,25.9,35.0,44.9,15.9,62.0,2022-04-28
118,15.0,26.0,29.9,24.9,38.9,39.9,39.9,24.9,60.0,59.9,29.9,20.0,24.0,29.9,50.0,55.0,49.9,120.0,190.0,204.9,41.5,35.0,40.0,25.0,40.0,25.9,40.0,45.0,18.0,50.0,2022-04-29
119,15.0,28.0,29.9,24.9,38.9,39.9,39.9,24.9,60.0,59.9,29.9,20.0,25.0,29.9,50.0,55.0,49.9,120.0,200.0,204.9,41.5,45.0,43.0,25.0,40.0,25.9,40.0,35.0,18.0,52.0,2022-04-30
120,15.0,28.0,29.5,26.9,39.9,40.0,39.9,24.9,52.0,69.9,36.9,16.0,22.7,38.9,50.0,55.0,49.9,120.0,200.0,204.9,43.5,40.0,38.0,25.0,40.0,28.9,40.0,29.9,17.9,52.0,2022-05-01
121,16.0,26.0,34.9,26.9,39.9,38.9,39.9,24.9,60.0,69.9,36.9,20.0,22.9,38.9,56.9,56.9,49.9,120.0,204.0,222.7,43.5,32.0,40.0,25.0,40.0,28.9,40.0,34.9,17.9,55.0,2022-05-02
122,15.0,26.0,26.9,26.5,39.9,40.0,48.5,19.9,52.0,58.9,36.9,15.5,22.9,38.9,56.9,59.9,49.9,120.0,190.0,204.9,43.5,40.0,40.0,25.0,40.0,25.0,35.0,45.0,20.0,55.0,2022-05-03
123,17.0,30.0,26.5,24.9,39.9,38.9,39.9,24.8,52.0,69.9,36.9,20.0,22.9,38.9,50.0,60.0,40.0,140.0,186.0,204.9,43.5,35.0,40.0,25.0,40.0,28.9,40.0,39.5,18.0,55.0,2022-05-04
124,15.0,28.0,29.9,24.5,39.9,34.9,39.9,24.8,52.0,69.9,36.9,20.0,22.9,29.9,56.9,56.9,42.9,120.0,200.0,222.7,41.5,40.0,45.0,26.0,40.0,28.9,35.0,36.9,17.9,55.0,2022-05-05
125,15.0,26.0,29.9,24.5,40.0,26.9,39.9,23.9,60.0,69.9,29.9,20.0,22.7,29.9,50.0,56.9,42.9,150.0,186.0,222.7,41.5,36.0,45.0,25.0,40.0,28.9,40.0,36.9,18.0,55.0,2022-05-06
126,14.0,38.0,29.9,24.5,39.9,34.9,39.9,25.0,60.0,69.9,29.9,22.0,22.9,29.9,50.0,56.9,42.9,120.0,206.5,222.7,41.5,44.0,40.0,22.0,28.0,28.9,40.0,39.9,20.0,55.0,2022-05-07
127,14.0,28.0,26.9,24.5,39.9,32.9,39.9,24.9,60.0,59.9,32.9,20.0,25.0,32.9,50.0,56.9,42.9,120.0,206.5,222.7,41.5,40.0,40.0,22.0,28.0,22.9,40.0,50.0,16.9,55.0,2022-05-08
128,15.0,26.0,29.9,24.5,39.9,32.9,39.9,24.9,60.0,59.9,32.9,20.0,25.0,32.9,50.0,59.9,42.9,120.0,206.5,185.0,42.0,35.0,40.0,25.0,40.0,48.0,40.0,126.0,20.0,55.0,2022-05-09
129,15.0,28.0,29.9,24.5,39.9,27.9,40.0,25.0,52.0,60.0,60.0,20.0,22.9,32.9,50.0,59.9,42.9,150.0,206.5,185.0,41.5,40.0,40.0,25.0,40.0,28.9,40.0,34.9,28.0,55.0,2022-05-10
130,15.0,28.0,29.5,24.9,39.9,32.9,39.9,22.9,60.0,59.9,27.9,20.0,22.9,40.0,50.0,59.9,42.9,120.0,206.5,200.0,42.0,40.0,40.0,25.0,40.0,28.9,40.0,34.9,18.0,55.0,2022-05-11
131,15.0,40.0,27.9,24.9,39.9,32.9,39.9,25.0,60.0,59.9,27.9,20.0,22.9,34.9,50.0,59.9,42.9,130.0,206.5,202.7,42.0,40.0,44.0,25.0,40.0,28.9,40.0,29.9,18.0,55.0,2022-05-12
132,15.0,28.0,27.9,28.0,39.9,32.9,39.9,22.9,60.0,59.9,27.9,20.0,25.0,34.9,50.0,59.9,42.9,120.0,206.5,202.7,42.0,40.0,38.0,25.0,40.0,28.9,40.0,29.9,16.9,55.0,2022-05-13
133,15.0,28.0,27.9,24.9,42.9,33.9,39.9,24.9,60.0,54.9,29.9,20.0,26.9,34.9,50.0,59.9,42.9,120.0,206.5,202.7,42.0,40.0,38.0,25.0,40.0,32.9,40.0,29.9,18.0,55.0,2022-05-14
134,15.0,28.0,29.5,24.9,42.9,32.9,34.9,25.0,60.0,56.9,29.9,20.0,26.9,32.9,50.0,55.0,42.9,120.0,206.5,202.7,42.0,32.0,38.0,25.0,40.0,32.9,35.0,39.9,18.0,55.0,2022-05-15
135,15.0,26.0,29.5,24.9,39.9,28.9,34.9,19.9,46.9,54.9,27.9,20.0,22.0,25.0,55.0,55.0,42.9,120.0,206.5,185.0,45.0,35.0,40.0,25.0,40.0,29.9,40.0,40.0,18.0,55.0,2022-05-16
136,15.0,26.0,29.5,28.0,42.9,33.9,39.9,24.9,60.0,56.9,29.9,20.0,26.9,34.9,50.0,55.0,40.0,140.0,206.5,180.0,45.0,35.0,40.0,25.0,40.0,32.9,40.0,60.0,16.9,55.0,2022-05-17
137,15.0,28.0,29.5,24.9,42.9,30.0,36.9,21.9,49.9,56.9,29.9,20.0,25.0,32.9,50.0,55.0,42.9,130.0,206.5,200.0,45.0,40.0,39.0,25.0,40.0,29.9,40.0,39.9,18.0,55.0,2022-05-18
138,15.0,28.0,29.5,24.9,42.9,29.9,34.9,24.9,60.0,56.9,31.9,20.0,25.0,32.9,50.0,55.0,42.9,130.0,206.5,200.0,45.0,40.0,40.0,25.0,40.0,30.0,40.0,39.9,20.0,55.0,2022-05-19
139,15.0,28.0,29.5,24.9,42.9,29.9,34.9,24.9,60.0,56.9,31.9,20.0,25.0,32.9,50.0,55.0,42.9,130.0,206.5,200.0,45.0,40.0,40.0,25.0,40.0,29.9,40.0,35.9,16.9,55.0,2022-05-20
140,15.0,30.0,29.5,22.5,42.9,28.9,39.9,32.9,60.0,54.9,31.9,16.9,25.0,34.9,50.0,55.0,42.9,120.0,206.5,187.0,42.0,36.0,40.0,25.0,40.0,29.9,40.0,35.9,16.9,55.0,2022-05-21
141,14.0,30.0,29.5,20.0,42.9,28.9,39.9,32.9,60.0,52.9,29.9,20.0,25.0,34.5,50.0,55.0,42.9,120.0,206.5,186.0,43.5,45.0,40.0,25.0,40.0,28.9,40.0,32.9,20.0,55.0,2022-05-22
142,14.0,38.0,29.5,18.9,40.0,26.9,39.9,26.9,46.9,54.9,36.9,16.9,24.9,34.9,50.0,55.0,39.9,140.0,206.5,187.0,45.5,48.0,42.0,25.0,40.0,30.0,40.0,39.0,16.9,55.0,2022-05-23
143,14.0,28.0,29.5,30.0,38.9,28.9,39.9,32.9,60.0,54.9,36.9,20.0,25.0,34.9,50.0,55.0,42.9,120.0,206.5,187.0,45.5,36.0,40.0,25.0,40.0,32.9,40.0,39.0,20.0,55.0,2022-05-24
144,14.0,26.0,29.5,19.9,42.9,28.9,39.9,32.9,42.9,54.9,36.9,20.0,24.9,34.9,50.0,55.0,42.9,130.0,206.5,187.0,43.5,35.0,40.0,25.0,40.0,32.9,40.0,38.5,20.0,55.0,2022-05-25
145,14.0,26.0,34.9,21.0,42.9,28.9,39.9,32.9,42.9,60.0,36.9,20.0,25.0,34.9,50.0,59.9,42.9,130.0,206.5,222.7,43.5,40.0,40.0,25.0,40.0,32.9,40.0,38.5,20.0,55.0,2022-05-26
146,14.0,28.0,34.9,21.0,42.9,28.9,39.9,32.9,60.0,56.0,36.9,20.0,25.0,34.9,50.0,59.9,42.9,130.0,206.5,222.7,43.5,40.0,38.0,25.0,40.0,32.9,40.0,38.5,16.9,55.0,2022-05-27
147,14.0,28.0,34.9,22.9,42.9,28.9,44.9,32.9,60.0,56.0,36.9,20.0,25.0,34.9,50.0,59.9,42.9,120.0,206.5,222.7,45.0,36.0,40.0,25.0,40.0,25.9,40.0,35.0,18.0,55.0,2022-05-28
148,14.0,28.0,29.9,24.9,38.9,39.9,39.9,24.9,60.0,59.9,29.9,20.0,24.0,29.9,50.0,55.0,49.9,120.0,200.0,204.9,45.0,45.0,43.0,25.0,40.0,32.9,45.0,32.9,20.0,55.0,2022-05-29
149,15.0,30.0,29.9,22.9,39.9,26.9,44.9,29.9,42.9,54.9,36.9,16.9,24.9,34.9,50.0,55.0,39.9,130.0,185.0,187.0,45.0,45.0,45.0,25.0,40.0,34.9,60.0,35.9,20.0,55.0,2022-05-30
150,15.0,30.0,29.5,22.9,42.9,28.9,49.9,32.9,42.9,54.9,36.9,18.0,25.0,34.9,50.0,55.0,42.9,120.0,206.5,187.0,45.0,45.0,45.0,25.0,40.0,29.9,60.0,35.9,20.0,55.0,2022-05-31
151,15.0,35.0,29.5,22.5,42.9,26.9,49.9,32.9,42.9,54.9,36.9,20.0,25.0,34.9,55.0,55.0,42.9,120.0,206.5,222.7,45.0,38.0,40.0,25.0,40.0,29.9,40.0,35.9,18.0,55.0,2022-06-01
152,15.0,28.0,29.9,22.5,42.9,26.9,49.9,32.9,60.0,54.9,36.9,20.0,25.0,34.9,50.0,55.0,42.9,120.0,206.5,222.7,45.0,40.0,40.0,25.0,40.0,29.9,40.0,35.9,18.0,55.0,2022-06-02
153,15.0,28.0,29.9,22.5,42.9,26.9,49.9,32.9,44.9,60.0,36.9,20.0,25.0,35.0,50.0,55.0,42.9,120.0,206.5,222.7,45.0,40.0,40.0,25.0,40.0,34.9,50.0,38.9,17.9,55.0,2022-06-03
154,15.0,40.0,29.5,22.5,44.9,28.9,49.9,34.9,44.9,54.9,36.9,20.0,26.9,34.9,50.0,59.9,39.9,120.0,206.5,187.0,45.0,50.0,50.0,25.0,40.0,35.0,35.0,38.9,17.9,55.0,2022-06-04
155,15.0,30.0,29.5,22.5,44.9,28.9,49.9,34.9,44.9,54.9,36.9,20.0,26.9,34.9,50.0,59.9,39.9,120.0,206.5,190.0,48.0,45.0,45.0,25.0,40.0,36.9,40.0,38.9,26.5,55.0,2022-06-05
156,15.0,30.0,29.9,25.9,44.9,29.9,49.9,29.9,40.0,54.9,36.9,20.0,28.0,34.9,50.0,55.0,39.9,120.0,206.5,187.0,48.0,48.0,45.0,25.0,40.0,36.9,40.0,38.9,17.9,55.0,2022-06-06
157,15.0,30.0,27.9,28.9,44.9,29.9,49.9,34.9,42.5,54.9,29.9,18.0,26.9,34.9,50.0,59.9,39.9,150.0,206.5,195.0,45.0,38.0,40.0,25.0,40.0,37.9,40.0,36.9,20.0,55.0,2022-06-07
158,15.0,33.0,27.9,28.9,44.9,29.9,49.9,32.9,42.5,58.9,36.9,20.0,23.9,34.9,50.0,59.9,39.9,115.0,206.5,222.7,45.0,44.0,40.0,25.0,40.0,37.9,40.0,36.9,18.0,55.0,2022-06-08
159,15.0,26.0,29.9,30.0,44.9,29.9,49.9,32.9,60.0,58.9,36.9,20.0,25.0,34.9,50.0,59.9,39.9,120.0,206.5,222.7,45.0,40.0,40.0,25.0,40.0,37.9,40.0,36.9,18.0,55.0,2022-06-09
160,15.0,28.0,29.9,36.0,44.9,29.9,49.9,32.9,60.0,58.9,36.9,20.0,25.0,34.9,50.0,59.9,39.9,120.0,206.5,222.7,45.0,40.0,40.0,25.0,40.0,37.9,40.0,36.9,15.9,52.0,2022-06-10
161,15.0,28.0,29.9,32.9,44.9,29.9,49.9,34.9,60.0,58.9,36.9,20.0,26.9,32.9,50.0,59.9,39.9,120.0,206.5,222.7,47.0,35.0,38.0,25.0,40.0,37.9,40.0,36.9,15.9,56.0,2022-06-11
162,15.0,30.0,33.8,32.9,49.9,29.9,49.9,34.9,40.0,58.9,36.9,20.0,26.9,32.9,50.0,59.9,39.9,140.0,206.5,202.7,46.0,45.0,45.0,25.0,40.0,37.9,40.0,39.9,20.0,56.0,2022-06-12
163,16.0,32.0,33.8,40.0,49.9,34.9,49.9,29.9,40.0,58.9,36.9,20.0,22.9,32.9,50.0,55.0,39.9,110.0,206.5,202.7,48.0,45.0,45.0,25.0,40.0,37.9,38.9,36.9,18.0,56.0,2022-06-13
164,15.0,26.0,33.6,32.9,49.9,29.9,49.9,34.9,39.9,58.9,36.9,15.0,26.9,32.9,50.0,59.9,39.9,120.0,206.5,222.7,45.0,35.0,40.0,25.0,40.0,37.9,40.0,36.9,18.0,56.0,2022-06-14
165,15.0,32.0,33.6,32.9,49.9,29.9,49.9,34.9,40.0,58.9,36.9,20.0,26.9,32.9,50.0,59.9,39.9,120.0,206.5,222.7,45.0,40.0,40.0,25.0,40.0,37.9,40.0,36.9,18.0,56.0,2022-06-15
166,15.0,28.0,32.9,32.9,44.9,36.9,49.9,32.9,60.0,58.9,36.9,20.0,25.9,32.9,50.0,55.0,39.9,120.0,206.5,222.7,45.0,40.0,40.0,25.0,40.0,37.9,40.0,36.9,18.0,56.0,2022-06-16
167,15.0,28.0,32.9,32.9,44.9,36.9,49.9,32.9,60.0,58.9,36.9,20.0,30.0,32.9,50.0,55.0,39.9,120.0,206.5,222.7,45.0,40.0,40.0,25.0,40.0,36.9,40.0,42.9,20.0,56.0,2022-06-17
168,15.0,28.0,33.8,29.9,44.9,28.9,49.9,34.9,60.0,58.9,36.9,25.0,26.9,32.9,50.0,59.9,95.0,120.0,206.5,222.7,43.5,36.0,40.0,30.0,55.0,38.0,45.0,39.9,17.9,56.0,2022-06-18
169,15.0,30.0,32.9,29.9,44.9,34.9,49.9,29.9,39.9,58.9,36.9,26.0,25.9,31.9,50.0,59.9,39.9,110.0,206.5,194.0,47.0,35.0,40.0,25.0,40.0,36.9,40.0,39.9,17.9,56.0,2022-06-19
170,15.0,26.0,32.9,29.9,44.9,34.9,49.9,29.9,40.0,58.9,36.9,20.0,25.9,31.9,60.0,59.9,39.9,120.0,206.5,187.0,45.0,35.0,40.0,25.0,40.0,36.9,40.0,42.9,17.9,60.0,2022-06-20
171,15.0,26.0,32.9,29.9,44.9,34.9,49.9,29.9,39.9,58.9,36.9,16.0,26.9,32.9,50.0,60.0,39.9,110.0,206.5,200.0,45.0,42.0,40.0,25.0,40.0,42.9,38.9,38.9,17.9,56.0,2022-06-21
172,14.9,26.0,32.9,29.9,49.9,34.9,39.9,32.9,40.0,54.9,36.9,20.0,25.9,31.9,50.0,60.0,39.9,120.0,206.5,187.0,45.0,35.0,40.0,25.0,40.0,42.9,40.0,38.9,17.9,56.0,2022-06-22
173,14.9,26.0,34.8,30.0,49.9,34.9,39.9,32.9,60.0,54.9,36.9,20.0,25.9,31.9,50.0,60.0,39.9,120.0,206.5,200.0,45.0,40.0,40.0,25.0,40.0,42.9,40.0,38.9,17.9,56.0,2022-06-23
174,14.9,28.0,34.8,30.0,49.9,34.9,39.9,32.9,60.0,54.9,36.9,20.0,25.9,31.9,50.0,60.0,39.9,120.0,206.5,210.0,50.0,40.0,40.0,25.0,40.0,39.9,40.0,39.9,20.0,56.0,2022-06-24
175,14.9,28.0,32.9,30.0,49.9,34.9,49.9,34.9,60.0,58.9,36.9,20.0,25.9,32.9,50.0,59.9,39.9,120.0,206.5,222.7,47.0,36.0,40.0,25.0,40.0,39.9,40.0,40.0,17.9,56.0,2022-06-25
176,14.9,60.0,32.9,28.9,49.9,34.9,49.9,34.9,32.0,58.9,36.9,20.0,25.9,32.9,50.0,59.9,39.9,100.0,206.5,202.7,47.0,50.0,50.0,25.0,40.0,42.9,40.0,39.7,18.9,56.0,2022-06-26
177,14.0,26.0,32.9,28.9,49.9,34.9,39.9,29.9,41.9,54.9,36.9,16.8,25.9,31.9,50.0,58.2,39.9,110.0,206.5,202.7,47.0,35.0,40.0,25.0,40.0,42.9,40.0,50.0,19.9,56.0,2022-06-27
178,13.5,26.0,34.9,28.9,49.9,34.9,39.9,34.9,60.0,54.9,36.9,18.0,25.9,32.9,50.0,59.9,39.9,140.0,206.5,222.7,47.0,42.0,40.0,25.0,40.0,42.9,40.0,39.9,20.0,56.0,2022-06-28
179,14.1,26.0,34.4,28.9,49.9,28.9,39.9,29.9,60.0,54.9,36.9,20.0,25.9,31.9,50.0,59.9,39.9,100.0,206.5,222.7,47.0,34.0,40.0,25.0,40.0,42.9,40.0,39.9,17.9,58.0,2022-06-29
180,14.9,28.0,34.9,28.9,49.9,28.9,39.9,35.0,60.0,54.9,36.9,20.0,25.9,31.9,50.0,59.9,39.9,110.0,210.0,222.7,47.0,42.0,40.0,25.0,40.0,42.9,38.9,39.9,17.9,58.0,2022-06-30
181,14.9,28.0,34.9,28.9,49.9,28.9,39.9,29.9,41.9,54.9,36.9,16.9,25.9,31.9,50.0,59.9,39.9,110.0,210.0,222.7,47.0,44.0,42.0,25.0,40.0,39.9,40.0,39.9,18.9,56.0,2022-07-01
182,14.9,26.0,34.9,38.9,49.9,34.9,38.5,36.0,60.0,54.9,36.9,20.0,25.9,31.9,50.0,60.0,39.9,110.0,206.5,187.0,43.5,36.0,40.0,25.0,40.0,45.9,40.0,49.9,20.0,56.0,2022-07-02
183,16.0,30.0,34.9,28.9,49.9,34.9,38.5,42.9,41.9,54.9,36.9,16.7,26.8,34.9,50.0,60.0,39.9,100.0,206.5,184.0,45.0,50.0,45.0,25.0,40.0,39.9,40.0,49.9,18.9,56.0,2022-07-03
184,15.0,28.0,34.9,28.9,49.9,34.9,38.5,43.9,41.9,54.9,36.9,20.0,25.9,31.9,50.0,60.0,39.9,100.0,206.5,187.0,45.0,48.0,48.0,27.5,40.0,45.9,40.0,49.9,18.9,56.0,2022-07-04
185,15.0,26.0,34.9,28.9,49.9,32.9,38.5,43.9,41.9,54.9,36.9,20.0,25.9,34.9,50.0,60.0,39.9,100.0,206.5,187.0,43.6,39.0,40.0,25.0,40.0,45.9,40.0,49.9,20.0,56.0,2022-07-05
186,16.0,26.0,34.9,30.0,49.9,32.9,38.5,45.0,41.9,54.9,36.9,20.0,25.9,40.0,50.0,59.9,39.9,100.0,206.5,187.0,180.0,42.0,40.0,40.0,40.0,45.9,40.0,49.9,19.5,58.0,2022-07-06
187,15.0,28.0,34.9,35.9,49.9,32.9,38.5,45.0,60.0,54.9,36.9,20.0,25.9,32.9,50.0,59.9,39.9,110.0,206.5,210.0,43.6,40.0,40.0,25.0,40.0,45.9,40.0,49.9,19.5,58.0,2022-07-07
188,15.4,28.0,34.9,35.9,49.9,32.9,38.5,45.0,41.9,60.0,36.9,20.0,25.9,32.9,50.0,59.9,39.9,100.0,206.5,200.0,43.6,40.0,40.0,25.0,40.0,50.0,40.0,49.3,20.0,56.0,2022-07-08
189,15.4,28.0,32.9,26.9,52.0,32.9,38.9,49.9,60.0,52.9,29.9,20.0,25.9,31.9,50.0,59.9,39.9,100.0,206.5,189.0,44.0,34.0,40.0,25.0,40.0,50.0,40.0,49.5,19.9,56.0,2022-07-09
190,15.0,35.0,32.9,35.9,52.0,32.9,38.9,43.9,41.9,52.9,29.9,20.0,25.9,34.9,50.0,59.9,39.9,100.0,206.5,189.0,43.6,45.0,45.0,25.0,40.0,50.0,36.9,49.3,18.9,56.0,2022-07-10
191,15.0,28.0,32.9,26.9,52.0,32.9,38.9,49.9,41.9,52.9,29.9,20.0,25.9,31.9,50.0,59.9,39.9,100.0,206.5,189.0,43.6,40.0,40.0,25.0,40.0,44.9,40.0,46.9,19.9,58.0,2022-07-11
192,15.0,26.0,32.9,27.9,52.0,32.9,38.5,49.9,41.9,52.9,36.9,20.0,25.9,31.9,70.0,70.0,39.9,100.0,206.5,189.0,43.6,35.0,40.0,25.0,40.0,46.9,40.0,45.9,19.9,58.0,2022-07-12
193,15.0,26.0,32.9,27.9,52.0,32.9,38.5,49.9,41.9,52.9,36.9,17.9,24.9,39.9,50.0,59.9,39.9,100.0,206.5,189.0,45.0,35.0,40.0,25.0,40.0,46.9,40.0,49.9,19.9,58.0,2022-07-13
194,15.0,28.0,32.9,27.9,52.0,32.9,38.5,49.9,60.0,52.9,36.9,20.0,25.0,39.9,50.0,59.9,39.9,100.0,206.5,222.7,43.6,40.0,40.0,25.0,40.0,46.9,40.0,49.9,19.9,58.0,2022-07-14
195,15.0,28.0,32.9,28.0,52.0,32.9,38.5,49.9,60.0,52.9,36.9,20.0,25.0,39.9,50.0,59.9,39.9,100.0,206.5,222.7,48.0,40.0,40.0,25.0,40.0,46.9,40.0,47.7,19.9,58.0,2022-07-15
196,15.0,26.0,34.9,32.9,52.0,34.9,38.5,49.9,41.9,52.9,36.9,17.9,24.9,34.9,50.0,59.9,49.9,100.0,206.5,222.7,44.0,32.0,40.0,25.0,40.0,46.9,40.0,49.9,19.9,58.0,2022-07-16
197,15.0,40.0,34.9,32.9,52.0,32.9,38.5,49.9,41.9,52.9,36.9,20.0,25.0,34.9,54.0,56.6,40.0,100.0,206.5,190.0,44.0,44.0,40.0,25.0,40.0,39.9,45.0,49.9,19.9,58.0,2022-07-17
198,15.0,30.0,34.9,28.9,52.0,32.9,38.5,54.0,60.0,52.9,36.9,25.0,26.9,31.9,50.0,56.6,40.0,100.0,206.5,186.0,43.6,45.0,45.0,25.0,40.0,46.9,40.0,39.9,22.9,58.0,2022-07-18
199,15.0,35.0,34.9,32.9,52.9,32.9,29.9,59.9,60.0,52.9,36.9,18.0,24.9,34.9,50.0,60.0,39.9,100.0,206.5,186.0,43.6,35.0,40.0,25.0,40.0,46.9,40.0,49.9,22.9,58.0,2022-07-19
200,15.0,26.0,34.9,28.9,52.9,32.9,29.9,54.0,45.0,52.9,36.9,17.9,24.9,32.9,50.0,60.0,39.9,100.0,206.5,211.7,44.0,34.0,40.0,25.0,40.0,46.9,40.0,49.9,22.9,58.0,2022-07-20
201,15.0,28.0,34.9,30.0,52.9,32.9,29.9,54.0,60.0,52.9,36.9,20.0,30.0,32.9,50.0,60.0,39.9,120.0,206.5,211.7,43.6,36.0,40.0,25.0,40.0,46.9,50.0,49.9,22.9,58.0,2022-07-21
202,15.0,26.0,34.9,28.9,52.9,32.9,29.9,54.0,60.0,52.9,36.9,20.0,25.0,32.9,50.0,60.0,39.9,100.0,206.5,211.7,43.6,42.0,40.0,25.0,40.0,42.9,40.0,47.3,24.9,58.0,2022-07-22
203,15.0,26.0,36.9,32.9,52.9,32.9,29.9,56.5,60.0,52.9,36.9,20.0,30.0,36.9,50.0,60.0,39.9,100.0,206.5,211.7,43.6,32.0,40.0,30.0,40.0,42.9,40.0,45.0,21.0,58.0,2022-07-23
204,15.0,26.0,36.9,32.9,52.9,32.9,29.9,56.7,59.9,52.9,36.9,20.0,30.0,36.9,50.0,65.0,39.9,100.0,206.5,211.7,45.0,32.0,38.0,30.0,40.0,49.9,40.0,45.0,18.9,58.0,2022-07-24
205,15.0,26.0,34.9,29.9,52.9,32.9,29.9,56.7,59.0,52.9,36.9,20.0,30.0,32.9,50.0,65.0,39.9,100.0,206.5,211.7,44.0,35.0,40.0,30.0,40.0,49.9,40.0,42.4,21.0,58.0,2022-07-25
206,15.0,26.0,36.9,32.9,52.9,32.9,29.9,56.8,59.0,52.9,36.9,17.9,30.0,36.9,50.0,60.0,39.9,100.0,206.5,211.7,43.6,35.0,40.0,30.0,40.0,49.9,40.0,42.4,24.9,58.0,2022-07-26
207,15.0,26.0,34.9,30.0,54.0,32.9,29.9,56.8,59.0,52.9,36.9,17.9,30.0,35.0,50.0,60.0,40.0,100.0,206.5,211.7,43.6,38.0,40.0,30.0,40.0,49.9,40.0,47.4,21.0,58.0,2022-07-27
208,15.0,26.0,34.9,29.9,54.0,32.9,29.9,56.0,60.0,52.9,36.9,20.0,30.0,35.9,50.0,65.0,45.9,100.0,206.5,211.7,46.0,42.0,40.0,30.0,40.0,49.9,40.0,47.4,21.0,58.0,2022-07-28
209,15.0,26.0,34.9,29.9,54.0,32.9,29.9,56.0,60.0,52.9,36.9,20.0,30.0,35.9,50.0,65.0,45.9,100.0,206.5,211.7,46.0,42.0,40.0,30.0,40.0,46.9,40.0,47.7,19.9,58.0,2022-07-29
210,15.0,26.0,35.9,29.9,56.0,32.9,29.9,56.8,59.0,52.9,36.9,17.9,24.9,36.9,50.0,60.0,39.9,90.0,206.5,211.7,43.6,32.0,40.0,25.0,40.0,49.9,40.0,39.9,19.9,58.0,2022-07-30
211,14.5,26.0,35.9,29.9,56.0,32.9,29.9,56.0,59.0,52.9,36.9,20.0,29.8,36.9,50.0,60.0,39.9,90.0,206.5,211.7,48.5,32.0,40.0,25.0,40.0,49.9,40.0,46.8,18.9,58.0,2022-07-31
212,14.5,26.0,39.9,28.9,56.0,32.9,29.9,56.8,59.0,52.9,36.9,20.0,22.0,34.6,50.0,60.0,39.9,100.0,206.5,211.7,48.5,40.0,40.0,25.0,40.0,46.9,40.0,46.9,19.9,58.0,2022-08-01
213,14.5,26.0,36.9,29.9,56.0,32.9,29.9,58.9,59.0,49.8,36.9,17.9,23.9,36.9,50.0,60.0,39.9,90.0,206.5,222.7,48.5,35.0,40.0,25.0,40.0,48.9,40.0,39.9,20.0,58.0,2022-08-02
214,16.0,26.0,36.9,29.9,56.0,34.9,29.9,56.0,59.0,45.9,36.9,20.0,26.9,36.9,50.0,60.0,39.9,95.9,206.5,216.5,48.5,35.0,40.0,25.0,40.0,48.9,40.0,48.9,19.9,58.0,2022-08-03
215,14.9,26.0,36.9,29.9,56.0,34.9,29.9,58.6,59.0,45.9,36.9,17.9,26.9,36.9,50.0,60.0,39.9,95.9,210.0,216.5,47.6,44.0,40.0,25.0,40.0,48.9,40.0,48.9,19.9,58.0,2022-08-04
216,14.9,26.0,36.9,29.9,56.0,34.9,29.9,58.6,59.0,45.9,36.9,17.9,26.9,36.9,50.0,60.0,39.9,95.9,210.0,216.5,47.6,44.0,40.0,25.0,40.0,46.9,40.0,49.9,20.0,58.0,2022-08-05
217,14.9,45.0,48.9,32.9,56.0,33.9,29.9,56.0,59.0,42.9,36.9,20.0,26.9,36.9,60.0,60.0,39.9,101.6,208.5,216.5,47.6,50.0,50.0,25.0,40.0,49.9,40.0,39.9,20.0,58.0,2022-08-06
218,14.9,37.0,49.9,32.9,55.9,28.9,29.9,56.0,59.9,42.9,36.9,20.0,26.9,36.9,60.0,60.0,39.9,85.0,206.5,222.7,47.77,40.0,40.0,25.0,40.0,49.9,40.0,39.9,20.0,58.0,2022-08-07
219,14.9,30.0,48.9,32.9,56.0,33.9,29.9,56.0,59.9,42.9,36.9,20.0,26.9,36.9,60.0,60.0,40.0,101.6,206.5,216.5,47.9,45.0,45.0,25.0,40.0,46.9,40.0,39.9,21.0,58.0,2022-08-08
220,16.1,26.0,48.9,32.9,56.0,32.9,29.9,56.0,59.9,42.9,36.9,20.0,26.9,36.9,50.0,60.0,39.9,90.0,206.5,180.0,50.0,38.0,40.0,25.0,42.0,46.9,40.0,39.9,21.0,58.0,2022-08-09
221,16.9,28.0,42.9,32.9,56.0,32.9,29.9,56.0,59.9,42.9,36.9,18.0,29.9,36.9,50.0,60.0,39.9,84.9,206.5,180.0,50.0,40.0,40.0,25.0,42.0,46.9,40.0,39.9,21.0,58.0,2022-08-10
222,16.9,26.0,42.9,32.9,56.0,32.9,29.9,56.0,59.9,42.9,36.9,20.0,26.9,36.9,50.0,60.0,39.9,84.9,210.0,210.0,50.0,40.0,40.0,25.0,42.0,46.9,50.0,39.9,21.0,58.0,2022-08-11
223,16.9,26.0,42.9,32.9,56.0,32.9,29.9,56.0,59.9,42.9,36.9,20.0,26.9,36.9,50.0,60.0,39.9,90.0,206.5,200.0,50.0,40.0,40.0,25.0,42.0,49.9,45.0,46.2,20.0,58.0,2022-08-12
224,16.9,50.0,42.9,28.9,54.5,32.9,29.9,59.9,59.0,46.5,36.9,20.0,31.1,34.9,50.0,60.0,39.9,90.0,206.5,189.9,50.0,40.0,40.0,28.0,42.0,49.9,40.0,36.9,16.9,58.0,2022-08-13
225,16.9,26.0,42.9,38.0,54.0,32.9,29.9,56.0,59.0,42.9,36.9,18.0,26.9,34.9,50.0,60.0,39.9,80.0,206.5,189.9,50.0,36.0,40.0,28.0,42.0,49.9,50.0,49.9,20.0,58.0,2022-08-14
226,16.9,28.0,42.9,28.9,55.9,32.9,29.9,59.9,59.0,39.9,36.9,25.0,30.2,35.5,50.0,60.0,39.9,82.0,206.5,189.9,50.0,44.0,40.0,28.0,42.0,49.9,45.0,45.0,16.9,58.0,2022-08-15
227,16.9,28.0,43.6,28.9,54.0,32.9,29.9,59.9,59.0,39.9,36.9,20.0,26.9,34.9,50.0,60.0,39.9,80.0,206.5,189.9,50.0,35.0,40.0,28.0,42.0,49.9,40.0,36.9,17.9,58.0,2022-08-16
228,16.9,26.0,46.9,28.8,54.0,29.9,29.9,56.0,52.0,44.9,36.9,18.0,29.9,33.9,50.0,60.0,39.9,90.0,206.5,189.9,50.5,36.0,40.0,28.0,42.0,49.9,40.0,36.9,18.0,58.0,2022-08-17
229,16.9,26.0,46.9,28.8,54.9,29.9,29.9,59.9,52.0,44.9,36.9,18.0,29.9,33.9,50.0,60.0,39.9,90.0,210.0,222.7,50.5,40.0,40.0,28.0,42.0,49.9,40.0,36.9,25.0,58.0,2022-08-18
230,16.9,26.0,46.9,28.8,54.9,30.0,29.9,59.9,52.0,44.9,36.9,20.0,29.9,33.9,50.0,60.0,39.9,82.0,206.5,222.7,50.5,42.0,40.0,28.0,42.0,49.9,40.0,44.2,20.0,58.0,2022-08-19
231,16.9,26.0,46.9,29.9,54.6,29.9,29.9,59.9,59.0,47.5,36.9,20.0,25.0,34.9,50.0,60.0,39.9,82.0,206.5,184.9,51.0,34.0,40.0,25.0,42.0,44.9,45.0,44.2,19.9,58.0,2022-08-20
232,16.9,35.0,46.9,29.9,54.9,29.9,29.9,59.9,49.9,44.9,36.9,20.0,22.9,36.9,50.0,60.0,39.9,80.0,206.5,190.0,50.0,38.0,40.0,25.0,42.0,44.9,50.0,44.2,20.0,58.0,2022-08-21
233,16.9,26.0,46.9,29.9,54.6,29.9,29.9,59.9,59.0,44.9,36.9,25.0,30.2,36.9,50.0,60.0,40.0,82.0,206.5,184.9,50.0,44.0,40.0,25.0,42.0,44.9,40.0,44.8,19.9,58.0,2022-08-22
234,16.9,26.0,46.9,28.8,55.9,29.9,29.9,56.0,59.0,44.9,36.9,20.0,22.9,34.9,50.0,60.0,39.9,82.0,206.5,184.9,54.0,36.0,40.0,26.0,44.0,44.9,40.0,44.2,20.0,58.0,2022-08-23
235,16.9,32.0,46.9,27.5,55.5,36.9,29.9,59.9,59.0,42.9,36.9,20.0,24.9,33.9,55.0,60.0,39.9,80.0,206.5,207.7,50.0,44.0,40.0,26.0,44.0,44.9,45.0,39.9,19.5,58.0,2022-08-24
236,16.9,26.0,46.9,27.5,54.9,36.9,42.0,56.0,59.9,42.9,36.9,20.0,25.0,33.9,50.0,60.0,39.9,80.0,210.0,210.0,51.5,48.0,40.0,26.0,44.0,44.9,40.0,39.9,19.5,58.0,2022-08-25
237,16.9,26.0,46.9,27.5,54.9,36.9,29.9,56.0,59.9,42.9,36.9,20.0,25.0,33.9,50.0,60.0,39.9,76.0,210.0,210.0,51.5,44.0,40.0,26.0,44.0,39.9,45.0,43.1,20.0,58.0,2022-08-26
238,16.9,26.0,46.9,28.9,55.5,29.9,29.9,59.9,59.0,46.9,38.9,20.0,25.0,34.9,50.0,60.0,39.9,76.0,206.5,222.7,50.0,38.0,40.0,26.0,46.0,39.9,40.0,42.0,19.9,58.0,2022-08-27
239,24.0,32.0,44.9,28.9,55.8,28.9,25.0,58.8,41.9,46.9,38.9,20.0,21.9,34.9,55.0,60.0,38.9,80.0,206.5,222.7,50.5,42.0,40.0,26.0,46.0,39.9,45.0,42.0,18.5,58.0,2022-08-28
240,24.0,30.0,44.9,27.5,55.8,29.9,20.0,58.8,41.9,46.9,36.9,20.0,22.0,28.9,50.0,60.0,42.9,80.0,206.5,222.7,50.0,50.0,50.0,26.0,46.0,39.9,40.0,42.7,19.9,58.0,2022-08-29
241,15.0,26.0,44.9,28.9,56.9,29.9,21.5,59.9,41.9,47.0,38.9,20.0,22.0,34.9,50.0,60.0,38.9,80.0,206.5,189.9,50.5,36.0,40.0,26.0,46.0,39.9,45.0,42.7,19.9,58.0,2022-08-30
242,15.0,26.0,44.9,27.5,56.9,29.9,21.5,59.9,41.9,47.0,36.9,20.0,22.0,32.9,50.0,60.0,38.9,70.0,206.5,189.9,50.5,35.0,40.0,26.0,46.0,39.9,40.0,39.9,19.9,58.0,2022-08-31
243,15.0,28.0,42.9,27.5,54.0,29.9,20.0,58.9,48.0,46.8,36.9,20.0,25.0,32.9,50.0,60.0,38.9,90.0,210.0,210.0,51.5,40.0,40.0,26.0,46.0,39.9,40.0,39.9,19.9,58.0,2022-09-01
244,15.0,26.0,42.9,27.5,54.0,29.9,19.5,58.9,41.9,46.8,36.9,20.0,25.0,32.9,50.0,60.0,38.9,80.0,210.0,210.0,51.5,44.0,40.0,26.0,46.0,39.9,50.0,40.8,20.0,58.0,2022-09-02
245,15.0,26.0,42.9,32.9,54.0,29.9,20.0,57.9,45.0,48.9,36.9,25.0,25.0,35.9,60.0,60.0,39.9,93.9,206.5,222.7,50.5,44.0,40.0,26.0,46.0,39.9,40.0,36.9,19.9,58.0,2022-09-03
246,15.0,26.0,44.9,32.9,56.9,29.9,20.0,59.9,41.9,48.9,36.9,20.0,22.0,35.9,50.0,60.0,39.9,80.0,206.5,222.7,50.5,36.0,40.0,26.0,46.0,38.5,40.0,48.5,20.0,58.0,2022-09-04
247,20.0,26.0,44.9,28.5,56.9,29.9,19.0,59.9,41.9,48.9,32.9,20.0,30.2,33.0,50.0,60.0,37.9,70.0,206.5,184.9,50.5,44.0,40.0,26.0,46.0,39.9,45.0,38.2,20.0,58.0,2022-09-05
248,20.0,26.0,44.9,32.9,50.4,32.0,20.0,56.9,41.9,48.9,36.9,20.0,29.7,35.9,50.0,60.0,39.9,70.0,206.5,184.9,50.5,35.0,40.0,26.0,46.0,39.9,40.0,38.2,19.9,58.0,2022-09-06
249,15.0,26.0,44.9,29.9,50.4,32.0,19.5,56.9,41.9,48.9,36.9,20.0,29.7,32.9,50.0,60.0,39.9,80.0,206.5,222.7,51.0,38.0,40.0,26.0,46.0,39.9,40.0,40.2,19.9,58.0,2022-09-07
250,15.0,28.0,44.9,29.9,46.9,32.9,20.0,54.9,41.9,48.9,36.9,20.0,25.0,32.9,50.0,60.0,39.9,80.0,210.0,222.7,50.5,40.0,40.0,26.0,46.0,39.9,40.0,40.2,19.9,58.0,2022-09-08
251,16.0,28.0,44.9,29.9,46.9,35.0,20.0,54.9,41.9,48.9,36.9,20.0,25.0,32.9,50.0,60.0,39.9,80.0,206.5,222.7,50.5,38.0,40.0,26.0,46.0,39.9,50.0,40.2,20.0,58.0,2022-09-09
252,16.0,40.0,44.9,29.9,46.9,35.0,19.5,54.9,41.9,48.9,36.9,25.0,25.0,32.9,50.0,60.0,39.9,75.0,206.5,222.7,50.5,44.0,40.0,26.0,46.0,36.9,45.0,36.5,22.0,58.0,2022-09-10
253,15.0,26.0,45.9,32.9,46.9,39.9,20.0,45.9,41.9,48.9,36.9,20.0,39.9,36.9,50.0,60.0,38.9,80.0,206.5,180.0,50.5,36.0,40.0,26.0,46.0,34.9,50.0,36.5,22.0,58.0,2022-09-11
254,15.0,40.0,45.9,42.9,46.9,35.0,20.0,43.9,41.9,48.9,32.9,25.0,29.7,30.0,50.0,60.0,37.9,80.0,206.5,180.0,50.5,44.0,40.0,26.0,46.0,36.9,40.0,34.9,22.9,58.0,2022-09-12
255,15.0,26.0,45.9,32.9,46.9,39.9,19.9,45.9,69.9,45.9,36.9,20.0,22.0,36.9,50.0,60.0,38.9,90.0,206.5,190.0,50.5,36.0,40.0,26.0,46.0,50.0,40.0,44.5,22.9,58.0,2022-09-13
256,18.0,26.0,44.9,29.9,44.9,39.9,19.9,46.9,45.5,46.8,39.9,20.0,30.2,37.5,60.0,59.9,39.9,90.0,206.5,210.7,50.5,38.0,40.0,26.0,46.0,50.0,40.0,34.9,22.9,58.0,2022-09-14
257,15.0,26.0,42.9,29.9,44.9,39.9,19.9,43.9,41.9,48.9,36.9,20.0,25.0,32.9,60.0,45.0,39.9,80.0,210.0,210.7,50.5,44.0,40.0,26.0,46.0,50.0,40.0,34.9,22.9,58.0,2022-09-15
258,15.0,32.0,42.9,29.9,44.9,39.9,20.0,43.9,41.9,48.9,36.9,20.0,25.0,32.9,60.0,45.0,39.9,80.0,206.5,210.7,50.5,36.0,40.0,26.0,46.0,34.9,45.0,36.6,22.9,56.0,2022-09-16
259,15.0,28.0,44.9,44.9,42.9,42.9,27.9,49.9,42.9,48.9,39.9,20.0,30.2,34.9,50.0,50.0,39.9,90.0,206.5,222.7,51.0,42.0,44.0,26.0,46.0,34.9,45.0,35.3,22.9,56.0,2022-09-17
260,15.0,35.0,46.9,29.9,42.9,42.9,20.0,49.9,42.9,48.9,39.9,20.0,29.7,35.0,50.0,50.0,39.9,75.0,206.5,222.7,50.5,40.0,40.0,26.0,46.0,34.9,50.0,35.3,22.9,56.0,2022-09-18
261,15.0,40.0,46.9,28.9,42.9,35.0,27.9,43.9,41.9,48.9,39.9,25.0,29.9,35.0,50.0,50.0,39.9,75.0,206.5,222.7,50.5,44.0,40.0,26.0,46.0,34.9,50.0,34.9,22.9,56.0,2022-09-19
262,15.0,29.9,46.9,29.9,44.8,42.9,24.4,49.9,42.9,46.8,39.9,20.0,22.9,35.0,50.0,50.0,39.9,80.0,206.5,190.0,50.5,36.0,40.0,26.0,46.0,34.9,45.0,34.9,22.9,56.0,2022-09-20
263,15.0,29.9,46.9,29.9,44.8,42.9,24.4,46.9,41.9,46.8,39.9,20.0,21.5,32.9,50.0,50.0,39.9,80.0,206.5,180.0,51.0,35.0,40.0,26.0,46.0,34.9,45.0,34.9,22.9,58.0,2022-09-21
264,15.0,29.9,46.9,29.9,39.9,42.9,22.8,43.9,41.9,48.8,39.9,20.0,25.0,32.9,50.0,50.0,39.9,90.0,210.0,210.0,51.0,42.0,40.0,26.0,46.0,34.9,40.0,34.9,22.9,58.0,2022-09-22
265,15.0,32.0,46.9,29.9,39.9,42.9,22.8,43.9,41.9,48.8,39.9,20.0,25.0,32.9,50.0,50.0,39.9,90.0,210.0,210.0,51.0,42.0,40.0,26.0,46.0,34.9,45.0,34.6,22.9,58.0,2022-09-23
266,16.0,26.0,46.9,29.9,46.9,39.9,27.9,46.9,41.9,48.9,36.8,20.0,29.7,38.9,50.0,50.0,39.9,70.0,206.5,180.0,51.0,36.0,40.0,30.0,46.0,29.9,45.0,33.6,23.9,58.0,2022-09-24
267,15.0,26.0,47.0,28.8,46.9,39.9,25.0,46.9,39.9,48.9,36.8,20.0,21.9,38.9,55.0,50.0,39.9,80.0,206.5,222.7,51.0,35.0,40.0,30.0,46.0,34.9,50.0,33.6,23.9,58.0,2022-09-25
268,15.0,40.0,47.0,29.9,39.9,36.9,27.9,39.9,48.0,48.9,36.8,20.0,25.0,30.3,50.0,50.0,39.9,80.0,206.5,222.7,51.0,44.0,40.0,30.0,46.0,34.9,45.0,39.9,23.9,58.0,2022-09-26
269,15.0,26.0,48.6,29.9,46.9,39.9,25.0,46.9,46.5,49.9,39.9,20.0,34.9,38.9,55.0,50.0,39.9,80.0,206.5,180.0,50.5,38.0,40.0,30.0,46.0,34.5,45.0,34.9,23.9,58.0,2022-09-27
270,15.0,26.0,48.6,28.9,44.9,39.9,23.9,46.9,46.5,49.9,39.9,20.0,21.0,36.9,50.0,50.0,38.9,75.0,206.5,180.0,51.0,38.0,40.0,30.0,46.0,32.9,40.0,29.9,21.9,58.0,2022-09-28
271,15.0,30.0,48.9,29.8,43.9,45.9,24.3,44.9,48.0,48.8,43.8,20.0,24.9,38.9,50.0,50.0,38.9,75.0,206.5,216.5,51.0,40.0,40.0,30.0,46.0,32.9,45.0,30.0,21.9,60.0,2022-09-29
272,18.0,28.0,48.9,29.8,43.9,45.9,24.3,44.9,46.8,48.8,43.8,20.0,24.9,38.9,50.0,50.0,38.9,75.0,206.5,216.5,51.0,44.0,40.0,30.0,46.0,32.9,45.0,32.9,24.8,55.0,2022-09-30
273,16.0,26.0,47.8,29.9,44.9,39.9,26.9,43.5,42.9,48.9,39.9,20.0,22.9,36.9,50.0,50.0,39.5,70.0,206.5,222.7,49.9,34.0,40.0,26.0,46.0,29.9,40.0,29.9,29.9,55.0,2022-10-01
274,15.0,32.0,49.9,29.9,42.9,39.9,21.5,43.5,42.9,49.9,39.9,20.0,25.0,36.9,50.0,57.5,39.5,75.0,206.5,222.7,49.9,37.0,40.0,26.0,46.0,32.9,40.0,34.9,29.9,55.0,2022-10-02
275,15.0,26.0,42.9,28.9,39.9,36.9,21.5,43.5,42.9,49.9,39.9,20.0,22.0,36.9,50.0,58.0,36.9,75.0,206.5,222.7,50.0,34.0,40.0,26.0,46.0,32.9,45.0,34.9,25.9,56.0,2022-10-03
276,15.0,26.0,47.8,29.9,42.9,39.9,26.9,43.5,42.9,46.9,37.9,20.0,22.9,45.0,55.0,50.0,39.5,75.0,206.5,190.0,50.0,36.0,40.0,26.0,46.0,32.9,40.0,34.9,25.9,56.0,2022-10-04
277,15.0,35.0,47.8,29.9,42.9,39.9,26.9,43.4,42.0,46.9,37.9,20.0,22.0,37.9,50.0,50.0,40.0,75.0,206.5,180.0,51.0,44.0,44.0,26.0,46.0,32.9,45.0,34.9,23.9,58.0,2022-10-05
278,16.8,28.0,42.9,29.9,42.9,39.9,26.9,39.9,42.0,46.9,37.9,20.0,21.9,37.5,50.0,50.0,36.9,75.0,206.5,200.0,51.0,40.0,40.0,26.0,46.0,32.9,40.0,34.9,23.9,60.0,2022-10-06
279,15.0,28.0,42.9,29.9,42.9,39.9,26.9,39.9,42.0,46.9,37.9,25.0,30.0,37.5,50.0,50.0,36.9,80.0,210.0,210.0,51.0,42.0,40.0,26.0,46.0,32.9,45.0,34.9,29.9,56.0,2022-10-07
280,15.0,26.0,49.9,32.9,39.9,46.9,26.9,44.9,56.9,48.9,37.9,20.0,29.2,39.9,50.0,50.0,39.5,75.0,206.5,222.7,51.0,34.0,40.0,25.0,46.0,32.9,40.0,34.9,32.5,56.0,2022-10-08
281,15.0,28.0,49.9,32.9,39.9,46.9,22.5,38.9,56.9,45.9,38.5,20.0,34.9,39.9,50.0,58.0,39.5,70.0,206.5,215.7,51.0,44.0,40.0,25.0,46.0,32.9,45.0,34.9,32.5,56.0,2022-10-09
282,26.0,28.0,49.9,30.0,39.9,39.9,26.9,33.9,56.9,48.9,38.5,20.0,25.0,32.9,50.0,58.0,39.9,70.0,206.5,215.7,50.5,45.0,44.0,25.0,46.0,32.9,45.0,34.9,29.9,58.0,2022-10-10
283,15.0,26.0,44.9,32.9,39.9,46.9,24.9,35.6,60.0,48.9,38.5,28.0,22.0,39.9,55.0,50.0,39.5,75.0,206.5,215.7,50.5,38.0,40.0,26.0,46.0,32.9,45.0,32.4,34.5,56.0,2022-10-11
284,15.0,26.0,38.5,32.9,39.9,46.9,24.9,34.9,56.9,49.9,37.8,20.0,20.0,39.9,55.0,50.0,39.9,75.0,206.5,215.7,50.5,38.0,40.0,26.0,46.0,32.9,40.0,29.9,29.9,58.0,2022-10-12
285,16.0,26.0,37.9,32.9,39.9,46.9,24.9,33.9,60.0,48.9,36.0,20.0,22.0,39.9,55.0,50.0,35.9,75.0,206.5,215.7,50.5,40.0,40.0,26.0,46.0,32.9,40.0,29.9,29.9,60.0,2022-10-13
286,15.0,28.0,42.9,32.9,39.9,46.9,24.9,39.9,56.9,49.9,37.5,20.0,20.0,39.9,55.0,50.0,39.9,70.0,210.0,215.7,50.5,43.0,40.0,26.0,46.0,36.8,40.0,34.9,34.9,55.0,2022-10-14
287,16.0,28.0,49.9,36.9,39.9,39.9,26.9,39.9,60.0,49.9,37.5,20.0,25.0,38.9,55.0,58.9,39.9,75.0,206.5,194.0,50.5,45.0,42.0,26.0,46.0,24.8,45.0,32.0,34.9,55.0,2022-10-15
288,15.0,28.0,44.5,36.9,36.9,39.9,21.4,33.9,60.0,44.9,37.8,20.0,25.0,38.9,55.0,58.9,38.9,75.0,206.5,194.0,50.5,42.0,45.0,26.0,46.0,18.0,45.0,32.0,32.9,55.0,2022-10-16
289,15.0,24.0,44.5,29.9,39.9,34.9,26.9,33.9,60.0,48.9,37.8,20.0,20.0,33.9,55.0,54.9,36.9,70.0,206.5,194.0,50.5,50.0,40.0,26.0,46.0,45.0,45.0,33.0,34.9,58.0,2022-10-17
290,15.0,26.0,42.0,36.9,38.8,39.9,26.9,42.8,60.0,49.9,34.1,20.0,22.9,38.9,55.0,58.9,39.9,75.0,206.5,200.0,50.5,40.0,40.0,26.0,46.0,45.0,45.0,33.0,34.9,55.0,2022-10-18
291,15.0,26.0,42.8,36.9,34.9,39.9,26.9,42.8,60.0,49.9,37.2,20.0,21.9,36.9,55.0,58.9,39.9,75.0,206.5,222.7,50.5,35.0,40.0,26.0,46.0,45.0,40.0,33.8,34.9,58.0,2022-10-19
292,15.0,28.0,42.8,36.9,39.9,39.9,26.9,39.8,80.0,49.9,36.5,20.0,22.0,36.9,55.0,59.9,39.9,75.0,206.5,222.7,50.5,42.0,45.0,26.0,46.0,45.0,40.0,33.8,34.9,55.0,2022-10-20
293,15.0,28.0,42.8,36.9,39.9,39.9,26.9,39.8,60.0,49.9,36.5,25.0,21.9,36.9,55.0,59.9,39.9,75.0,210.0,222.7,50.5,45.0,42.0,26.0,46.0,31.9,45.0,29.9,29.9,55.0,2022-10-21
294,15.0,28.0,43.8,32.9,39.9,48.9,26.9,32.9,90.0,55.0,36.8,20.0,21.5,36.9,55.0,59.9,39.9,70.0,199.0,194.0,50.5,40.0,42.0,25.0,46.0,25.9,45.0,28.9,34.9,47.0,2022-10-22
295,15.0,28.0,42.8,32.9,39.9,48.9,24.9,32.9,90.0,55.0,32.9,20.0,22.0,36.9,55.0,59.9,38.9,75.0,206.3,194.0,50.5,40.0,42.0,25.0,46.0,31.9,45.0,30.5,34.4,55.0,2022-10-23
296,15.0,28.0,42.9,30.0,39.9,39.9,26.9,32.9,90.0,55.0,32.9,20.0,25.0,40.0,55.0,53.5,36.9,70.0,206.3,194.0,50.5,44.0,44.0,25.0,46.0,31.9,45.0,34.9,34.9,55.0,2022-10-24
297,15.0,26.0,49.9,30.0,39.9,39.9,32.5,32.9,120.0,55.0,32.9,20.0,22.0,36.9,55.0,59.9,39.9,75.0,210.0,210.0,50.5,40.0,40.0,25.0,46.0,31.9,40.0,34.9,34.9,55.0,2022-10-25
298,15.0,26.0,49.9,32.9,39.9,39.9,26.9,35.0,120.0,64.0,32.9,20.0,21.0,34.9,55.0,59.9,39.9,75.0,206.5,222.7,49.5,35.0,40.0,25.0,46.0,31.9,40.0,29.9,29.9,58.0,2022-10-26
299,15.0,26.0,42.9,32.9,39.9,40.0,26.9,32.9,120.0,80.0,37.0,20.0,21.0,34.9,55.0,59.9,39.9,75.0,210.0,222.7,49.5,45.0,42.0,25.0,46.0,31.9,40.0,29.9,29.9,60.0,2022-10-27
300,15.0,26.0,42.9,32.9,39.9,40.0,26.9,32.9,120.0,64.0,37.0,20.0,21.0,34.9,55.0,59.9,39.9,75.0,210.0,222.7,49.5,45.0,42.0,25.0,46.0,31.9,45.0,34.9,32.9,55.0,2022-10-28
301,15.0,26.0,49.0,29.9,39.9,46.9,26.9,34.9,100.0,64.0,37.0,20.0,22.0,36.9,50.0,59.9,39.9,80.0,206.5,222.7,49.5,42.0,40.0,32.0,26.0,25.9,45.0,65.0,32.9,55.0,2022-10-29
302,15.0,36.0,39.9,28.9,39.9,46.9,25.0,34.9,90.0,59.9,34.9,20.0,22.0,35.9,55.0,56.9,38.9,85.0,206.5,210.7,49.5,35.0,40.0,22.0,38.0,31.9,45.0,30.0,29.9,55.0,2022-10-30
303,14.0,26.0,42.9,30.0,39.9,34.9,26.9,34.9,100.0,64.0,36.9,20.0,20.0,29.9,60.0,59.9,40.0,75.0,206.5,210.7,49.5,38.0,40.0,25.0,46.0,31.9,45.0,34.9,32.9,55.0,2022-10-31
304,18.0,26.0,47.5,29.9,38.9,46.9,26.9,34.9,96.0,64.0,39.9,20.0,23.5,35.9,55.0,59.9,39.9,75.0,206.5,222.7,50.5,38.0,40.0,25.0,46.0,31.9,45.0,34.9,32.9,55.0,2022-11-01
305,18.0,28.0,47.5,29.9,38.9,39.9,26.9,35.5,96.0,64.0,39.9,20.0,21.3,34.9,55.0,58.0,39.9,75.0,206.5,222.7,50.5,44.0,40.0,25.0,46.0,31.9,50.0,31.6,32.9,58.0,2022-11-02
306,18.0,28.0,32.9,28.9,38.9,39.9,26.9,34.9,120.0,64.0,32.9,20.0,21.3,34.9,55.0,56.9,39.9,75.0,206.5,222.7,50.5,42.0,45.0,25.0,46.0,31.9,40.0,31.6,32.9,55.0,2022-11-03
307,18.0,28.0,32.9,28.9,38.9,39.9,26.9,34.9,120.0,64.0,32.9,25.0,25.0,34.9,55.0,56.9,39.9,75.0,210.0,222.7,50.5,45.0,42.0,25.0,46.0,31.9,40.0,31.6,32.5,55.0,2022-11-04
308,18.0,26.0,42.9,28.9,39.9,49.9,26.9,34.9,98.5,64.0,32.9,18.9,22.9,35.9,50.0,58.9,39.9,70.0,206.5,194.0,50.5,42.0,40.0,25.0,46.0,29.3,45.0,32.1,32.5,55.0,2022-11-05
309,15.0,35.0,39.9,28.9,35.9,49.9,24.9,34.9,100.0,64.0,32.9,20.0,25.0,35.9,50.0,58.9,38.9,70.0,206.5,194.0,50.5,45.0,42.0,25.0,46.0,29.3,45.0,32.1,32.5,55.0,2022-11-06
310,15.0,26.0,42.9,28.9,39.9,35.9,26.9,34.9,99.0,64.0,32.9,20.0,29.9,32.9,55.0,50.0,36.9,75.0,206.5,194.0,50.5,42.0,40.0,25.0,46.0,26.8,40.0,32.5,34.9,55.0,2022-11-07
311,15.0,26.0,42.9,28.9,36.9,36.9,26.9,34.9,100.0,64.0,36.1,20.0,29.9,32.9,60.0,50.0,36.9,75.0,206.5,194.0,54.5,42.0,40.0,25.0,46.0,26.8,45.0,36.9,34.9,55.0,2022-11-08
312,15.0,26.0,42.9,28.9,34.9,39.9,26.9,34.9,98.5,64.0,36.1,20.0,42.9,32.9,60.0,58.9,38.9,70.0,209.0,210.7,54.5,42.0,45.0,25.0,46.0,26.8,45.0,36.9,34.9,58.0,2022-11-09
313,15.0,26.0,42.9,28.9,34.9,39.9,26.9,34.9,120.0,64.0,36.1,20.0,42.9,32.9,50.0,58.9,38.9,70.0,210.0,210.7,54.5,45.0,42.0,25.0,46.0,26.8,45.0,36.9,34.9,55.0,2022-11-10
314,15.0,26.0,42.9,28.9,34.9,40.0,26.9,34.9,120.0,64.0,36.1,20.0,42.9,32.9,50.0,58.9,38.9,70.0,210.0,210.7,54.5,45.0,42.0,26.0,46.0,31.9,50.0,36.9,34.9,55.0,2022-11-11
315,16.0,26.0,42.9,28.9,39.9,39.9,26.9,34.9,100.0,64.0,36.9,25.0,29.9,34.9,70.0,56.9,38.9,70.0,209.0,222.7,47.0,42.0,40.0,25.0,46.0,31.9,45.0,31.5,33.9,55.0,2022-11-12
316,16.0,39.0,39.9,28.9,37.9,39.9,20.0,34.9,100.0,64.0,36.9,20.0,25.0,34.9,50.0,56.9,38.9,75.0,209.0,222.7,54.5,50.0,50.0,25.0,46.0,31.9,40.0,36.9,32.5,55.0,2022-11-13
317,16.0,35.0,42.9,28.9,39.9,34.9,26.9,34.9,100.0,64.0,36.9,20.0,25.0,32.9,55.0,51.2,37.1,75.0,209.0,222.7,54.5,50.0,50.0,25.0,46.0,31.9,45.0,36.9,33.9,55.0,2022-11-14
318,15.0,26.0,28.9,29.9,37.9,39.9,26.9,34.9,99.9,64.0,36.9,20.0,23.9,36.0,55.0,59.9,38.9,75.0,209.0,195.0,54.5,38.0,40.0,25.0,46.0,30.0,45.0,36.9,33.9,55.0,2022-11-15
319,15.0,26.0,39.5,30.0,36.9,39.9,26.9,34.9,100.0,64.0,33.0,20.0,25.0,32.9,55.0,59.9,41.9,75.0,206.5,194.0,54.5,40.0,45.0,25.0,46.0,27.9,40.0,38.9,33.9,58.0,2022-11-16
320,15.0,28.0,32.9,28.9,36.9,39.9,26.9,34.9,120.0,64.0,32.9,20.0,21.9,32.9,55.0,56.9,41.9,75.0,210.0,210.0,54.5,45.0,45.0,26.0,46.0,27.9,45.0,38.9,33.9,55.0,2022-11-17
321,15.0,28.0,32.9,28.9,36.9,39.9,26.9,34.9,120.0,64.0,32.9,20.0,22.0,32.9,55.0,56.9,41.9,70.0,210.0,210.0,54.5,45.0,42.0,26.0,50.0,29.8,45.0,44.9,34.9,55.0,2022-11-18
322,16.0,28.0,32.9,29.9,31.9,32.9,26.9,33.5,120.0,59.9,39.9,20.0,22.9,34.9,55.0,58.0,37.9,75.0,206.5,222.9,54.5,45.0,42.0,26.0,46.0,31.9,45.0,31.5,33.9,60.0,2022-11-19
323,16.0,26.0,39.9,28.9,37.9,39.9,20.0,34.9,96.0,64.0,36.9,20.0,23.5,34.9,55.0,56.9,38.9,75.0,209.0,222.7,54.5,38.0,40.0,25.0,46.0,31.9,45.0,36.9,33.9,55.0,2022-11-20
324,16.0,26.0,28.9,29.9,37.9,39.9,26.9,34.9,99.9,64.0,36.9,20.0,23.9,36.0,55.0,59.9,38.9,75.0,209.0,194.0,54.5,38.0,40.0,25.0,46.0,29.9,45.0,36.9,33.9,55.0,2022-11-21
325,15.0,26.0,39.5,34.9,36.9,39.9,26.9,34.9,99.9,64.0,33.0,20.0,21.9,32.9,55.0,59.9,41.9,75.0,206.5,195.0,54.5,40.0,45.0,25.0,46.0,27.9,40.0,38.9,33.9,55.0,2022-11-22
326,15.0,26.0,32.9,28.9,36.9,39.9,26.9,34.9,96.0,64.0,32.9,20.0,21.9,32.9,55.0,56.9,41.9,75.0,206.5,194.0,54.5,40.0,45.0,25.0,46.0,52.0,40.0,44.9,34.9,55.0,2022-11-23
327,15.0,28.0,32.9,29.9,31.9,35.0,26.9,33.5,120.0,59.9,39.9,20.0,22.9,34.9,55.0,58.0,40.0,75.0,210.0,222.9,54.5,45.0,42.0,28.0,46.0,29.8,40.0,44.9,34.9,62.0,2022-11-24
328,15.0,26.0,32.9,29.9,31.9,32.9,26.9,33.5,89.9,59.9,39.9,22.0,22.9,34.9,55.0,58.0,40.0,75.0,206.5,222.9,54.5,38.0,40.0,25.0,46.0,29.8,45.0,44.9,29.9,62.0,2022-11-25
329,15.0,38.0,41.9,29.9,36.9,33.9,26.9,32.4,98.4,64.0,39.9,25.0,25.0,34.9,55.0,51.4,50.0,75.0,206.5,222.7,48.0,38.0,40.0,28.0,46.0,24.9,45.0,36.9,29.9,62.0,2022-11-26
330,16.0,28.0,31.9,29.9,37.9,33.9,24.9,29.9,120.0,64.0,39.9,25.0,22.0,34.9,55.0,59.9,50.0,75.0,206.5,222.7,47.5,45.0,40.0,28.0,46.0,28.5,45.0,36.9,27.9,62.0,2022-11-27
331,16.0,38.0,31.9,29.9,37.0,32.9,22.8,29.9,94.0,64.0,38.9,20.0,22.0,29.9,55.0,58.5,45.0,75.0,206.5,210.7,48.0,35.0,40.0,25.0,46.0,29.8,45.0,38.8,27.0,62.0,2022-11-28
332,16.0,28.0,37.0,29.9,39.9,33.9,23.3,33.8,94.0,64.0,39.9,20.0,22.0,32.9,65.0,59.9,45.0,75.0,206.5,222.7,54.5,48.0,48.0,25.0,46.0,29.8,40.0,42.8,27.0,62.0,2022-11-29
333,16.0,26.0,32.9,29.9,39.9,33.9,23.3,33.8,94.0,64.0,39.9,20.0,22.0,32.9,55.0,59.9,45.0,75.0,206.5,222.7,54.5,40.0,40.0,25.0,46.0,21.9,40.0,49.9,24.9,62.0,2022-11-30
334,15.0,28.0,39.9,29.9,39.9,33.9,20.0,25.0,120.0,64.0,39.9,20.0,25.0,32.9,59.9,59.9,45.0,70.0,206.5,194.0,54.5,44.0,42.0,28.0,46.0,52.0,60.0,126.0,65.0,62.0,2022-12-01
335,15.0,60.0,59.0,44.9,56.9,52.0,49.9,60.0,120.0,80.0,175.0,30.0,50.0,45.0,70.0,70.0,95.0,150.0,220.0,242.0,180.0,245.85,65.0,40.0,55.0,52.0,60.0,126.0,65.0,62.0,2022-12-02
